,output,predict
0,"{""MeasureName"": ""surgery patients who were taking heart drugs called beta blockers before coming to the hospital who were kept on the beta blockers during the period just before and after their surgery""}","{""MeasureName"": ""surgery patients who were taking heart drugs called beta blockers before coming to the hospital who were kept on the beta blockers during the period just before and after their surgery""}"
1,"{""City"": ""birmingham""}","{""City"": ""birmingham""}"
2,"{""City"": ""birmingham""}","{""City"": ""birmingham""}"
3,"{""City"": ""sheffield""}","{""City"": ""sheffield""}"
4,"{""ProviderNumber"": ""10019""}","{""ProviderNumber"": ""10019""}"
5,"{""HospitalType"": ""acute care hospitals""}","{""HospitalType"": ""acute care hospitals""}"
6,"{""Sample"": ""37 patients""}","{""Sample"": ""30 patients""}"
7,"{""Condition"": ""heart attack""}","{""Condition"": ""heart attack""}"
8,"{""HospitalOwner"": ""government - hospital district or authority""}","{""HospitalOwner"": ""government - hospital district or authority""}"
9,"{""Condition"": ""heart attack""}","{""Condition"": ""heart attack""}"
10,"{""PhoneNumber"": ""3347938701""}","{""PhoneNumber"": ""3347938701""}"
11,"{""EmergencyService"": ""yes""}","{""EmergencyService"": ""yes""}"
12,"{""HospitalName"": ""southeast alabama medical center""}","{""HospitalName"": ""southeast alabama medical center""}"
13,"{""HospitalOwner"": ""government - hospital district or authority""}","{""HospitalOwner"": ""government - hospital district or authority""}"
14,"{""HospitalOwner"": ""government - hospital district or authority""}","{""HospitalOwner"": ""government - hospital district or authority""}"
15,"{""PhoneNumber"": ""3347938701""}","{""PhoneNumber"": ""3347938701""}"
16,"{""HospitalType"": ""acute care hospitals""}","{""HospitalType"": ""acute care hospitals""}"
17,"{""State"": ""al""}","{""State"": ""al""}"
18,"{""HospitalOwner"": ""government - hospital district or authority""}","{""HospitalOwner"": ""government - hospital district or authority""}"
19,"{""EmergencyService"": ""yes""}","{""EmergencyService"": ""yes""}"
20,"{""ZipCode"": ""35957""}","{""ZipCode"": ""35957""}"
21,"{""ProviderNumber"": ""10005""}","{""ProviderNumber"": ""10005""}"
22,"{""State"": ""al""}","{""State"": ""al""}"
23,"{""State"": ""al""}","{""State"": ""al""}"
24,"{""EmergencyService"": ""yes""}","{""EmergencyService"": ""yes""}"
25,"{""Stateavg"": ""al_pn-3b""}","{""Stateavg"": ""al_pn-3b""}"
26,"{""Address1"": ""2505 u s highway 431 north""}","{""Address1"": ""2505 u s highway 431 north""}"
27,"{""PhoneNumber"": ""2565938310""}","{""PhoneNumber"": ""2565938310""}"
28,"{""PhoneNumber"": ""2565938310""}","{""PhoneNumber"": ""2565938310""}"
29,"{""ZipCode"": ""35957""}","{""ZipCode"": ""35957""}"
30,"{""PhoneNumber"": ""2565938310""}","{""PhoneNumber"": ""2565938310""}"
31,"{""CountyName"": ""marshall""}","{""CountyName"": ""marshall""}"
32,"{""Stateavg"": ""al_ami-1""}","{""Stateavg"": ""al_ami-1""}"
33,"{""ZipCode"": ""35631""}","{""ZipCode"": ""35631""}"
34,"{""CountyName"": ""lauderdale""}","{""CountyName"": ""lauderdale""}"
35,"{""Condition"": ""heart attack""}","{""Condition"": ""heart attack""}"
36,"{""CountyName"": ""lauderdale""}","{""CountyName"": ""laudexdale""}"
37,"{""City"": ""florence""}","{""City"": ""florence""}"
38,"{""ProviderNumber"": ""10006""}","{""ProviderNumber"": ""10006""}"
39,"{""State"": ""al""}","{""State"": ""al""}"
40,"{""City"": ""florence""}","{""City"": ""florence""}"
41,"{""Sample"": ""619 patients""}","{""Sample"": ""619 patients""}"
42,"{""City"": ""florence""}","{""City"": ""florence""}"
43,"{""ZipCode"": ""35631""}","{""ZipCode"": ""35631""}"
44,"{""Address1"": ""702 n main st""}","{""Address1"": ""702 n main st""}"
45,"{""MeasureName"": ""heart attack patients given aspirin at arrival""}","{""MeasureName"": ""heart attack patients given aspirin at arrival""}"
46,"{""MeasureCode"": ""ami-4""}","{""MeasureCode"": ""ami-4""}"
47,"{""State"": ""al""}","{""State"": ""al""}"
48,"{""HospitalType"": ""acute care hospitals""}","{""HospitalType"": ""acute care hospitals""}"
49,"{""PhoneNumber"": ""3344933541""}","{""PhoneNumber"": ""3344933541""}"
50,"{""MeasureCode"": ""hf-1""}","{""MeasureCode"": ""hf-1""}"
51,"{""Address1"": ""702 n main st""}","{""Address1"": ""702 n main st""}"
52,"{""MeasureCode"": ""pn-5c""}","{""MeasureCode"": ""pn-5c""}"
53,"{""MeasureName"": ""surgery patients who were taking heart drugs called beta blockers before coming to the hospital who were kept on the beta blockers during the period just before and after their surgery""}","{""MeasureName"": ""surgery patients who were taking heart drugs called beta blockers before coming to the hospital who were kept on the beta blockers during the period just before and after their surgery""}"
54,"{""HospitalOwner"": ""voluntary non-profit - private""}","{""HospitalOwner"": ""voluntary non-profit - private""}"
55,"{""Sample"": ""0 patients""}","{""Sample"": ""0 patients""}"
56,"{""State"": ""al""}","{""State"": ""al""}"
57,"{""MeasureName"": ""heart attack patients given aspirin at arrival""}","{""MeasureName"": ""heart attack patients given aspirin at arrival""}"
58,"{""MeasureCode"": ""ami-2""}","{""MeasureCode"": ""ami-2""}"
59,"{""Score"": ""100%""}","{""Score"": ""90%""}"
60,"{""Condition"": ""heart failure""}","{""Condition"": ""heart failure""}"
61,"{""HospitalName"": ""crenshaw community hospital""}","{""HospitalName"": ""crenshaw community hospital""}"
62,"{""Sample"": ""21 patients""}","{""Sample"": ""21 patients""}"
63,"{""CountyName"": ""crenshaw""}","{""CountyName"": ""crenshaw""}"
64,"{""ZipCode"": ""36049""}","{""ZipCode"": ""36049""}"
65,"{""ZipCode"": ""36049""}","{""ZipCode"": ""36049""}"
66,"{""State"": ""al""}","{""State"": ""al""}"
67,"{""MeasureName"": ""heart attack patients given aspirin at discharge""}","{""MeasureName"": ""heart attack patients given aspirin at discharge""}"
68,"{""ZipCode"": ""35640""}","{""ZipCode"": ""35640""}"
69,"{""ZipCode"": ""35640""}","{""ZipCode"": ""35640""}"
70,"{""HospitalOwner"": ""proprietary""}","{""HospitalOwner"": ""proprietary""}"
71,"{""EmergencyService"": ""yes""}","{""EmergencyService"": ""yes""}"
72,"{""Score"": ""98%""}","{""Score"": ""96%""}"
73,"{""HospitalOwner"": ""proprietary""}","{""HospitalOwner"": ""proprietary""}"
74,"{""Address1"": ""201 pine street northwest""}","{""Address1"": ""201 pine street northwest""}"
75,"{""HospitalOwner"": ""proprietary""}","{""HospitalOwner"": ""proprietary""}"
76,"{""Score"": ""57%""}","{""Score"": ""97%""}"
77,"{""HospitalOwner"": ""proprietary""}","{""HospitalOwner"": ""proprietary""}"
78,"{""State"": ""al""}","{""State"": ""al""}"
79,"{""Sample"": ""11 patients""}","{""Sample"": ""11 patients""}"
80,"{""Sample"": ""6 patients""}","{""Sample"": ""6 patients""}"
81,"{""HospitalName"": ""marshall medical center north""}","{""HospitalName"": ""marshall medical center north""}"
82,"{""Address1"": ""8000 alabama highway 69""}","{""Address1"": ""8000 alabama highway 69""}"
83,"{""MeasureCode"": ""hf-2""}","{""MeasureCode"": ""hf-2""}"
84,"{""City"": ""guntersville""}","{""City"": ""guntersville""}"
85,"{""State"": ""al""}","{""State"": ""al""}"
86,"{""Score"": ""95%""}","{""Score"": ""95%""}"
87,"{""MeasureCode"": ""scip-inf-4""}","{""MeasureCode"": ""scip-inf-4""}"
88,"{""Stateavg"": ""al_scip-vte-2""}","{""Stateavg"": ""al_scip-vte-2""}"
89,"{""ZipCode"": ""35235""}","{""ZipCode"": ""35235""}"
90,"{""HospitalType"": ""acute care hospitals""}","{""HospitalType"": ""acute care hospitals""}"
91,"{""Condition"": ""heart attack""}","{""Condition"": ""heart attack""}"
92,"{""City"": ""birmingham""}","{""City"": ""birmingham""}"
93,"{""Score"": ""95%""}","{""Score"": ""95%""}"
94,"{""MeasureName"": ""pneumonia patients assessed and given influenza vaccination""}","{""MeasureName"": ""pneumonia patients assessed and given influenza vaccination""}"
95,"{""City"": ""birmingham""}","{""City"": ""birmingham""}"
96,"{""ProviderNumber"": ""10011""}","{""ProviderNumber"": ""10011""}"
97,"{""HospitalType"": ""acute care hospitals""}","{""HospitalType"": ""acute care hospitals""}"
98,"{""Stateavg"": ""al_scip-inf-2""}","{""Stateavg"": ""al_scip-inf-2""}"
99,"{""CountyName"": ""jefferson""}","{""CountyName"": ""jefferson""}"
100,"{""HospitalOwner"": ""voluntary non-profit - private""}","{""HospitalOwner"": ""voluntary non-profit - private""}"
101,"{""PhoneNumber"": ""2058383122""}","{""PhoneNumber"": ""2058383122""}"
102,"{""HospitalOwner"": ""voluntary non-profit - private""}","{""HospitalOwner"": ""voluntary non-profit - private""}"
103,"{""MeasureName"": ""heart attack patients given aspirin at arrival""}","{""MeasureName"": ""heart attack patients given aspirin at arrival""}"
104,"{""CountyName"": ""de kalb""}","{""CountyName"": ""de kalb""}"
105,"{""HospitalOwner"": ""voluntary non-profit - church""}","{""HospitalOwner"": ""voluntary non-profit - church""}"
106,"{""CountyName"": ""de kalb""}","{""CountyName"": ""de kalb""}"
107,"{""Sample"": ""1 patients""}","{""Sample"": ""1 patients""}"
108,"{""Condition"": ""heart attack""}","{""Condition"": ""heart attack""}"
109,"{""CountyName"": ""de kalb""}","{""CountyName"": ""de kalb""}"
110,"{""City"": ""fort payne""}","{""City"": ""fort payne""}"
111,"{""State"": ""al""}","{""State"": ""al""}"
112,"{""PhoneNumber"": ""2568453150""}","{""PhoneNumber"": ""2568453150""}"
113,"{""Condition"": ""heart failure""}","{""Condition"": ""heart failure""}"
114,"{""ZipCode"": ""35968""}","{""ZipCode"": ""35968""}"
115,"{""Sample"": ""82 patients""}","{""Sample"": ""82 patients""}"
116,"{""Condition"": ""surgical infection prevention""}","{""Condition"": ""surgical infection prevention""}"
117,"{""Score"": ""97%""}","{""Score"": ""96%""}"
118,"{""CountyName"": ""de kalb""}","{""CountyName"": ""de kalb""}"
119,"{""HospitalOwner"": ""voluntary non-profit - church""}","{""HospitalOwner"": ""voluntary non-profit - church""}"
120,"{""Score"": ""99%""}","{""Score"": ""99%""}"
121,"{""Condition"": ""surgical infection prevention""}","{""Condition"": ""surgical infection prevention""}"
122,"{""HospitalName"": ""dekalb regional medical center""}","{""HospitalName"": ""dekalb regional medical center""}"
123,"{""ProviderNumber"": ""10015""}","{""ProviderNumber"": ""10015""}"
124,"{""Stateavg"": ""al_ami-1""}","{""Stateavg"": ""al_ami-1""}"
125,"{""PhoneNumber"": ""3346366221""}","{""PhoneNumber"": ""3346366221""}"
126,"{""HospitalOwner"": ""government - federal""}","{""HospitalOwner"": ""government - federal""}"
127,"{""Stateavg"": ""al_ami-5""}","{""Stateavg"": ""al_ami-5""}"
128,"{""CountyName"": ""clarke""}","{""CountyName"": ""clarke""}"
129,"{""Score"": ""89%""}","{""Score"": ""89%""}"
130,"{""ProviderNumber"": ""10015""}","{""ProviderNumber"": ""10015""}"
131,"{""Condition"": ""pneumonia""}","{""Condition"": ""pneumonia""}"
132,"{""MeasureName"": ""pneumonia patients whose initial emergency room blood culture was performed prior to the administration of the first hospital dose of antibiotics""}","{""MeasureName"": ""pneumonia patients whose initial emergency room blood culture was performed prior to the administration of the first hospital dose of antibiotics""}"
133,"{""Score"": ""96%""}","{""Score"": ""96%""}"
134,"{""Address1"": ""33700 highway 43""}","{""Address1"": ""33700 highway 43""}"
135,"{""PhoneNumber"": ""3346366221""}","{""PhoneNumber"": ""3346366221""}"
136,"{""Address1"": ""33700 highway 43""}","{""Address1"": ""33700 highway 43""}"
137,"{""MeasureCode"": ""scip-inf-3""}","{""MeasureCode"": ""scip-inf-3""}"
138,"{""HospitalType"": ""acute care hospitals""}","{""HospitalType"": ""acute care hospitals""}"
139,"{""ZipCode"": ""36784""}","{""ZipCode"": ""36784""}"
140,"{""Stateavg"": ""al_ami-1""}","{""Stateavg"": ""al_ami-1""}"
141,"{""ProviderNumber"": ""10016""}","{""ProviderNumber"": ""10016""}"
142,"{""Address1"": ""1000 first street north""}","{""Address1"": ""1000 first street north""}"
143,"{""State"": ""al""}","{""State"": ""al""}"
144,"{""Condition"": ""heart failure""}","{""Condition"": ""heart failure""}"
145,"{""HospitalType"": ""acute care hospitals""}","{""HospitalType"": ""acute care hospitals""}"
146,"{""MeasureName"": ""pneumonia patients whose initial emergency room blood culture was performed prior to the administration of the first hospital dose of antibiotics""}","{""MeasureName"": ""pneumonia patients whose initial emergency room blood culture was performed prior to the administration of the first hospital dose of antibiotics""}"
147,"{""ZipCode"": ""35007""}","{""ZipCode"": ""35007""}"
148,"{""ZipCode"": ""35007""}","{""ZipCode"": ""35007""}"
149,"{""MeasureName"": ""all heart surgery patients whose blood sugar (blood glucose) is kept under good control in the days right after surgery""}","{""MeasureName"": ""all heart surgery patients whose blood sugar (blood glucose) is kept under good control in the days right after surgery""}"
150,"{""HospitalType"": ""acute care hospitals""}","{""HospitalType"": ""acute care hospitals""}"
151,"{""Address1"": ""1720 university blvd""}","{""Address1"": ""1720 university blvd""}"
152,"{""City"": ""anniston""}","{""City"": ""anniston""}"
153,"{""CountyName"": ""calhoun""}","{""CountyName"": ""calhoun""}"
154,"{""HospitalOwner"": ""proprietary""}","{""HospitalOwner"": ""proprietary""}"
155,"{""ProviderNumber"": ""10038""}","{""ProviderNumber"": ""10038""}"
156,"{""Address1"": ""301 east 18th st""}","{""Address1"": ""301 east 18th st""}"
157,"{""Sample"": ""29 patients""}","{""Sample"": ""29 patients""}"
158,"{""EmergencyService"": ""yes""}","{""EmergencyService"": ""yes""}"
159,"{""PhoneNumber"": ""2562358900""}","{""PhoneNumber"": ""2562358900""}"
160,"{""CountyName"": ""calhoun""}","{""CountyName"": ""calhoun""}"
161,"{""ZipCode"": ""36201""}","{""ZipCode"": ""36201""}"
162,"{""EmergencyService"": ""yes""}","{""EmergencyService"": ""yes""}"
163,"{""ZipCode"": ""36305""}","{""ZipCode"": ""36305""}"
164,"{""HospitalOwner"": ""proprietary""}","{""HospitalOwner"": ""proprietary""}"
165,"{""EmergencyService"": ""yes""}","{""EmergencyService"": ""yes""}"
166,"{""Address1"": ""4370 west main street""}","{""Address1"": ""4370 west main street""}"
167,"{""Stateavg"": ""al_pn-2""}","{""Stateavg"": ""al_pn-2""}"
168,"{""Score"": ""100%""}","{""Score"": ""90%""}"
169,"{""HospitalName"": ""flowers hospital""}","{""HospitalName"": ""flowers hospital""}"
170,"{""ZipCode"": ""36305""}","{""ZipCode"": ""36303""}"
171,"{""PhoneNumber"": ""3347935000""}","{""PhoneNumber"": ""3347935000""}"
172,"{""CountyName"": ""houston""}","{""CountyName"": ""houston""}"
173,"{""MeasureName"": ""surgery patients whose doctors ordered treatments to prevent blood clots after certain types of surgeries""}","{""MeasureName"": ""surgery patients whose doctors ordered treatments to prevent blood clots after certain types of surgeries""}"
174,"{""Stateavg"": ""al_scip-vte-2""}","{""Stateavg"": ""al_scip-vte-2""}"
175,"{""MeasureCode"": ""ami-2""}","{""MeasureCode"": ""ami-2""}"
176,"{""Address1"": ""810 st vincents drive""}","{""Address1"": ""810 st vincents drive""}"
177,"{""EmergencyService"": ""yes""}","{""EmergencyService"": ""yes""}"
178,"{""Sample"": ""10 patients""}","{""Sample"": ""10 patients""}"
179,"{""State"": ""al""}","{""State"": ""al""}"
180,"{""HospitalOwner"": ""proprietary""}","{""HospitalOwner"": ""proprietary""}"
181,"{""ProviderNumber"": ""10086""}","{""ProviderNumber"": ""10086""}"
182,"{""Address1"": ""1530 u s highway 43""}","{""Address1"": ""1530 u s highway 43""}"
183,"{""ZipCode"": ""35594""}","{""ZipCode"": ""35594""}"
184,"{""Condition"": ""pneumonia""}","{""Condition"": ""pneumonia""}"
185,"{""City"": ""winfield""}","{""City"": ""winfield""}"
186,"{""Condition"": ""pneumonia""}","{""Condition"": ""pneumonia""}"
187,"{""Stateavg"": ""al_pn-7""}","{""Stateavg"": ""al_pn-7""}"
188,"{""Stateavg"": ""al_scip-inf-2""}","{""Stateavg"": ""al_scip-inf-2""}"
189,"{""EmergencyService"": ""yes""}","{""EmergencyService"": ""yes""}"
190,"{""ZipCode"": ""35594""}","{""ZipCode"": ""35594""}"
191,"{""Score"": ""95%""}","{""Score"": ""95%""}"
192,"{""MeasureName"": ""heart attack patients given aspirin at discharge""}","{""MeasureName"": ""heart attack patients given aspirin at discharge""}"
193,"{""PhoneNumber"": ""2514717110""}","{""PhoneNumber"": ""2514717110""}"
194,"{""HospitalName"": ""univ of south alabama medical center""}","{""HospitalName"": ""univ of south alabama medical center""}"
195,"{""PhoneNumber"": ""2514717110""}","{""PhoneNumber"": ""2514717110""}"
196,"{""HospitalName"": ""univ of south alabama medical center""}","{""HospitalName"": ""univ of south alabama medical center""}"
197,"{""State"": ""al""}","{""State"": ""al""}"
198,"{""PhoneNumber"": ""2514717110""}","{""PhoneNumber"": ""2514717110""}"
199,"{""Condition"": ""heart failure""}","{""Condition"": ""heart failure""}"
200,"{""Stateavg"": ""al_hf-2""}","{""Stateavg"": ""al_hf-2""}"
201,"{""EmergencyService"": ""yes""}","{""EmergencyService"": ""yes""}"
202,"{""MeasureName"": ""heart failure patients given smoking cessation advice/counseling""}","{""MeasureName"": ""heart failure patients given smoking cessation advice/counseling""}"
203,"{""MeasureCode"": ""pn-3b""}","{""MeasureCode"": ""pn-3b""}"
204,"{""Address1"": ""124 s memorial dr""}","{""Address1"": ""124 s memorial dr""}"
205,"{""PhoneNumber"": ""3343614267""}","{""PhoneNumber"": ""3343614267""}"
206,"{""MeasureCode"": ""hf-1""}","{""MeasureCode"": ""hf-1""}"
207,"{""Condition"": ""heart failure""}","{""Condition"": ""heart failure""}"
208,"{""State"": ""al""}","{""State"": ""al""}"
209,"{""Score"": ""94%""}","{""Score"": ""94%""}"
210,"{""ZipCode"": ""36067""}","{""ZipCode"": ""36067""}"
211,"{""ProviderNumber"": ""10108""}","{""ProviderNumber"": ""10108""}"
212,"{""MeasureCode"": ""scip-inf-1""}","{""MeasureCode"": ""scip-inf-1""}"
213,"{""EmergencyService"": ""yes""}","{""EmergencyService"": ""yes""}"
214,"{""Address1"": ""124 s memorial dr""}","{""Address1"": ""124 s memorial dr""}"
215,"{""HospitalType"": ""acute care hospitals""}","{""HospitalType"": ""acute care hospitals""}"
216,"{""Score"": ""100%""}","{""Score"": ""100%""}"
217,"{""HospitalType"": ""acute care hospitals""}","{""HospitalType"": ""acute care hospitals""}"
218,"{""Sample"": ""125 patients""}","{""Sample"": ""125 patients""}"
219,"{""Address1"": ""315 w hickory st""}","{""Address1"": ""315 w hickory st""}"
220,"{""CountyName"": ""talladega""}","{""CountyName"": ""talladega""}"
221,"{""EmergencyService"": ""no""}","{""EmergencyService"": ""no""}"
222,"{""Sample"": ""4 patients""}","{""Sample"": ""4 patients""}"
223,"{""ZipCode"": ""35150""}","{""ZipCode"": ""35150""}"
224,"{""Score"": ""97%""}","{""Score"": ""97%""}"
225,"{""ZipCode"": ""35150""}","{""ZipCode"": ""35150""}"
226,"{""Address1"": ""315 w hickory st""}","{""Address1"": ""315 w hickory st""}"
227,"{""MeasureName"": ""heart failure patients given ace inhibitor or arb for left ventricular systolic dysfunction (lvsd)""}","{""MeasureName"": ""heart failure patients given ace inhibitor or arb for left ventricular systolic dysfunction (lvsd)""}"
228,"{""City"": ""anchorage""}","{""City"": ""anchorage""}"
229,"{""Sample"": ""521 patients""}","{""Sample"": ""521 patients""}"
230,"{""MeasureName"": ""surgery patients needing hair removed from the surgical area before surgery who had hair removed using a safer method (electric clippers or hair removal cream c not a razor)""}","{""MeasureName"": ""surgery patients needing hair removed from the surgical area before surgery & who had hair removed using a safer method (electric clippers or hair removal cream not a razor)""}"
231,"{""HospitalName"": ""alaska regional hospital""}","{""HospitalName"": ""alaska regional hospital""}"
232,"{""HospitalOwner"": ""proprietary""}","{""HospitalOwner"": ""proprietary""}"
233,"{""Address1"": ""po box 287""}","{""Address1"": ""p.o. box 287""}"
234,"{""HospitalType"": ""acute care hospitals""}","{""HospitalType"": ""acute care hospitals""}"
235,"{""CountyName"": ""jefferson""}","{""CountyName"": ""jefferson""}"
236,"{""HospitalOwner"": ""government - hospital district or authority""}","{""HospitalOwner"": ""government - hospital district or authority""}"
237,"{""CountyName"": ""jefferson""}","{""CountyName"": ""jefferson""}"
238,"{""Sample"": ""0 patients""}","{""Sample"": ""1 patients""}"
239,"{""MeasureCode"": ""scip-vte-1""}","{""MeasureCode"": ""scip-vte-1""}"
240,"{""CountyName"": ""jefferson""}","{""CountyName"": ""jefferson""}"
241,"{""Condition"": ""heart attack""}","{""Condition"": ""heart attack""}"
242,"{""PhoneNumber"": ""3347742601""}","{""PhoneNumber"": ""3347742601""}"
243,"{""Address1"": ""126 hospital ave""}","{""Address1"": ""126 hospital ave""}"
244,"{""MeasureName"": ""heart failure patients given discharge instructions""}","{""MeasureName"": ""heart failure patients given discharge instructions""}"
245,"{""City"": ""ozark""}","{""City"": ""ozark""}"
246,"{""State"": ""al""}","{""State"": ""al""}"
247,"{""Stateavg"": ""al_pn-2""}","{""Stateavg"": ""al_pn-2""}"
248,"{""Sample"": ""62 patients""}","{""Sample"": ""62 patients""}"
249,"{""State"": ""al""}","{""State"": ""al""}"
250,"{""Address1"": ""126 hospital ave""}","{""Address1"": ""126 hospital ave""}"
251,"{""City"": ""ozark""}","{""City"": ""ozark""}"
252,"{""Score"": ""100%""}","{""Score"": ""100%""}"
253,"{""ZipCode"": ""36360""}","{""ZipCode"": ""36360""}"
254,"{""HospitalType"": ""acute care hospitals""}","{""HospitalType"": ""acute care hospitals""}"
255,"{""EmergencyService"": ""yes""}","{""EmergencyService"": ""yes""}"
256,"{""HospitalType"": ""acute care hospitals""}","{""HospitalType"": ""acute care hospitals""}"
257,"{""HospitalOwner"": ""voluntary non-profit - private""}","{""HospitalOwner"": ""voluntary non-profit - private""}"
258,"{""MeasureName"": ""heart attack patients given ace inhibitor or arb for left ventricular systolic dysfunction (lvsd)""}","{""MeasureName"": ""heart attack patients given ace inhibitor or arb for left ventricular systolic dysfunction (lvsd)""}"
259,"{""MeasureCode"": ""ami-5""}","{""MeasureCode"": ""ami-5""}"
260,"{""Sample"": ""0 patients""}","{""Sample"": ""0 patients""}"
261,"{""HospitalType"": ""acute care hospitals""}","{""HospitalType"": ""acute care hospitals""}"
262,"{""ZipCode"": ""35960""}","{""ZipCode"": ""35960""}"
263,"{""CountyName"": ""cherokee""}","{""CountyName"": ""cherokee""}"
264,"{""Sample"": ""44 patients""}","{""Sample"": ""44 patients""}"
265,"{""State"": ""al""}","{""State"": ""al""}"
266,"{""Condition"": ""pneumonia""}","{""Condition"": ""pneumonia""}"
267,"{""Score"": ""93%""}","{""Score"": ""93%""}"
268,"{""MeasureName"": ""pneumonia patients assessed and given influenza vaccination""}","{""MeasureName"": ""pneumonia patients assessed and given influenza vaccination""}"
269,"{""HospitalType"": ""acute care hospitals""}","{""HospitalType"": ""acute care hospitals""}"
270,"{""CountyName"": ""cherokee""}","{""CountyName"": ""cherokee""}"
271,"{""Score"": ""100%""}","{""Score"": ""100%""}"
272,"{""PhoneNumber"": ""3342882100""}","{""PhoneNumber"": ""3342882100""}"
273,"{""City"": ""montgomery""}","{""City"": ""montgomery""}"
274,"{""EmergencyService"": ""yes""}","{""EmergencyService"": ""yes""}"
275,"{""Sample"": ""257 patients""}","{""Sample"": ""250 patients""}"
276,"{""HospitalOwner"": ""voluntary non-profit - church""}","{""HospitalOwner"": ""voluntary non-profit - church""}"
277,"{""CountyName"": ""montgomery""}","{""CountyName"": ""montgomery""}"
278,"{""HospitalName"": ""baptist medical center south""}","{""HospitalName"": ""baptist medical center south""}"
279,"{""HospitalType"": ""acute care hospitals""}","{""HospitalType"": ""acute care hospitals""}"
280,"{""MeasureName"": ""pneumonia patients assessed and given influenza vaccination""}","{""MeasureName"": ""pneumonia patients assessed and given influenza vaccination""}"
281,"{""Sample"": ""87 patients""}","{""Sample"": ""87 patients""}"
282,"{""EmergencyService"": ""yes""}","{""EmergencyService"": ""yes""}"
283,"{""CountyName"": ""montgomery""}","{""CountyName"": ""montgomery""}"
284,"{""MeasureName"": ""heart attack patients given aspirin at arrival""}","{""MeasureName"": ""heart attack patients given aspirin at arrival""}"
285,"{""ZipCode"": ""36106""}","{""ZipCode"": ""36106""}"
286,"{""MeasureName"": ""heart attack patients given beta blocker at discharge""}","{""MeasureName"": ""heart attack patients given beta blockers at discharge""}"
287,"{""Sample"": ""0 patients""}","{""Sample"": ""12 patients""}"
288,"{""PhoneNumber"": ""3342938000""}","{""PhoneNumber"": ""3342938000""}"
289,"{""CountyName"": ""montgomery""}","{""CountyName"": ""montgomery""}"
290,"{""Sample"": ""74 patients""}","{""Sample"": ""74 patients""}"
291,"{""Condition"": ""pneumonia""}","{""Condition"": ""pneumonia""}"
292,"{""Stateavg"": ""al_pn-5c""}","{""Stateavg"": ""al_pn-5c""}"
293,"{""ProviderNumber"": ""10024""}","{""ProviderNumber"": ""10024""}"
294,"{""State"": ""al""}","{""State"": ""al""}"
295,"{""HospitalName"": ""jackson hospital & clinic inc""}","{""HospitalName"": ""jackson hospital & clinic inc""}"
296,"{""PhoneNumber"": ""3342938000""}","{""PhoneNumber"": ""3342938000""}"
297,"{""PhoneNumber"": ""3342938000""}","{""PhoneNumber"": ""3342938000""}"
298,"{""MeasureName"": ""all heart surgery patients whose blood sugar (blood glucose) is kept under good control in the days right after surgery""}","{""MeasureName"": ""all heart surgery patients whose blood sugar (blood glucose) is kept under good control in the days right after surgery""}"
299,"{""EmergencyService"": ""yes""}","{""EmergencyService"": ""yes""}"
300,"{""Stateavg"": ""al_scip-vte-1""}","{""Stateavg"": ""al_scip-vte-1""}"
301,"{""Stateavg"": ""al_ami-2""}","{""Stateavg"": ""al_ami-2""}"
302,"{""State"": ""al""}","{""State"": ""al""}"
303,"{""PhoneNumber"": ""3347561400""}","{""PhoneNumber"": ""3347561400""}"
304,"{""HospitalOwner"": ""voluntary non-profit - other""}","{""HospitalOwner"": ""voluntary non-profit - other""}"
305,"{""City"": ""valley""}","{""City"": ""valley""}"
306,"{""CountyName"": ""chambers""}","{""CountyName"": ""chambers""}"
307,"{""EmergencyService"": ""yes""}","{""EmergencyService"": ""yes""}"
308,"{""MeasureCode"": ""pn-5c""}","{""MeasureCode"": ""pn-5c""}"
309,"{""Sample"": ""50 patients""}","{""Sample"": ""50 patients""}"
310,"{""EmergencyService"": ""yes""}","{""EmergencyService"": ""yes""}"
311,"{""HospitalType"": ""acute care hospitals""}","{""HospitalType"": ""acute care hospitals""}"
312,"{""Sample"": ""172 patients""}","{""Sample"": ""172 patients""}"
313,"{""City"": ""valley""}","{""City"": ""valley""}"
314,"{""CountyName"": ""chambers""}","{""CountyName"": ""chambers""}"
315,"{""State"": ""al""}","{""State"": ""al""}"
316,"{""PhoneNumber"": ""3348972257""}","{""PhoneNumber"": ""3348972257""}"
317,"{""Condition"": ""heart failure""}","{""Condition"": ""heart failure""}"
318,"{""City"": ""elba""}","{""City"": ""elba""}"
319,"{""CountyName"": ""coffee""}","{""CountyName"": ""coffee""}"
320,"{""ProviderNumber"": ""10027""}","{""ProviderNumber"": ""10027""}"
321,"{""Condition"": ""surgical infection prevention""}","{""Condition"": ""surgical infection prevention""}"
322,"{""MeasureName"": ""all heart surgery patients whose blood sugar (blood glucose) is kept under good control in the days right after surgery""}","{""MeasureName"": ""all heart surgery patients whose blood sugar (blood glucose) is kept under good control in the days right after surgery""}"
323,"{""Stateavg"": ""al_ami-8a""}","{""Stateavg"": ""al_ami-8a""}"
324,"{""ProviderNumber"": ""10029""}","{""ProviderNumber"": ""10029""}"
325,"{""EmergencyService"": ""yes""}","{""EmergencyService"": ""yes""}"
326,"{""Condition"": ""pneumonia""}","{""Condition"": ""pneumonia""}"
327,"{""CountyName"": ""lee""}","{""CountyName"": ""lee""}"
328,"{""HospitalType"": ""acute care hospitals""}","{""HospitalType"": ""acute care hospitals""}"
329,"{""ProviderNumber"": ""10029""}","{""ProviderNumber"": ""10029""}"
330,"{""MeasureCode"": ""scip-vte-1""}","{""MeasureCode"": ""scip-vte-1""}"
331,"{""ProviderNumber"": ""10032""}","{""ProviderNumber"": ""10032""}"
332,"{""Stateavg"": ""al_ami-7a""}","{""Stateavg"": ""al_ami-7a""}"
333,"{""MeasureCode"": ""hf-1""}","{""MeasureCode"": ""hf-1""}"
334,"{""MeasureName"": ""heart failure patients given ace inhibitor or arb for left ventricular systolic dysfunction (lvsd)""}","{""MeasureName"": ""heart failure patients given ace inhibitor or arb for left xentricular systolic dysfunction (lxsd)""}"
335,"{""MeasureName"": ""heart failure patients given smoking cessation advice/counseling""}","{""MeasureName"": ""heart failure patients given smoking cessation advice/counseling""}"
336,"{""Address1"": ""209 north main street""}","{""Address1"": ""209 north main street""}"
337,"{""EmergencyService"": ""no""}","{""EmergencyService"": ""no""}"
338,"{""HospitalName"": ""wedowee hospital""}","{""HospitalName"": ""wedowee hospital""}"
339,"{""City"": ""wedowee""}","{""City"": ""wedowee""}"
340,"{""ProviderNumber"": ""10032""}","{""ProviderNumber"": ""10032""}"
341,"{""PhoneNumber"": ""2059344011""}","{""PhoneNumber"": ""2059344011""}"
342,"{""Sample"": ""87 patients""}","{""Sample"": ""87 patients""}"
343,"{""CountyName"": ""jefferson""}","{""CountyName"": ""jefferson""}"
344,"{""MeasureName"": ""heart attack patients given pci within 90 minutes of arrival""}","{""MeasureName"": ""heart attack patients given pci within 90 minutes of arrival""}"
345,"{""MeasureCode"": ""hf-1""}","{""MeasureCode"": ""hf-1""}"
346,"{""Sample"": ""618 patients""}","{""Sample"": ""618 patients""}"
347,"{""EmergencyService"": ""yes""}","{""EmergencyService"": ""yes""}"
348,"{""MeasureCode"": ""hf-4""}","{""MeasureCode"": ""hf-4""}"
349,"{""Stateavg"": ""al_pn-3b""}","{""Stateavg"": ""al_pn-3b""}"
350,"{""ZipCode"": ""35233""}","{""ZipCode"": ""35233""}"
351,"{""Condition"": ""pneumonia""}","{""Condition"": ""pneumonia""}"
352,"{""ZipCode"": ""35233""}","{""ZipCode"": ""35233""}"
353,"{""CountyName"": ""jefferson""}","{""CountyName"": ""jefferson""}"
354,"{""City"": ""birmingham""}","{""City"": ""birmingham""}"
355,"{""MeasureCode"": ""ami-1""}","{""MeasureCode"": ""ami-1""}"
356,"{""CountyName"": ""elmore""}","{""CountyName"": ""elmore""}"
357,"{""MeasureCode"": ""ami-4""}","{""MeasureCode"": ""ami-4""}"
358,"{""HospitalType"": ""acute care hospitals""}","{""HospitalType"": ""acute care hospitals""}"
359,"{""Condition"": ""heart attack""}","{""Condition"": ""heart attack""}"
360,"{""City"": ""tallassee""}","{""City"": ""tallassee""}"
361,"{""HospitalName"": ""community hospital inc""}","{""HospitalName"": ""community hospital inc""}"
362,"{""CountyName"": ""elmore""}","{""CountyName"": ""elmore""}"
363,"{""Condition"": ""heart failure""}","{""Condition"": ""heart failure""}"
364,"{""Score"": ""88%""}","{""Score"": ""99%""}"
365,"{""PhoneNumber"": ""3342836541""}","{""PhoneNumber"": ""3342836541""}"
366,"{""State"": ""al""}","{""State"": ""al""}"
367,"{""ProviderNumber"": ""10034""}","{""ProviderNumber"": ""10034""}"
368,"{""HospitalType"": ""acute care hospitals""}","{""HospitalType"": ""acute care hospitals""}"
369,"{""MeasureName"": ""pneumonia patients given initial antibiotic(s) within 6 hours after arrival""}","{""MeasureName"": ""pneumonia patients given initial antibiotic(s) within 6 hours after arrival""}"
370,"{""MeasureName"": ""pneumonia patients given the most appropriate initial antibiotic(s)""}","{""MeasureName"": ""pneumonia patients given the most appropriate initial antibiotic(s)""}"
371,"{""HospitalName"": ""community hospital inc""}","{""HospitalName"": ""community hospital inc""}"
372,"{""ZipCode"": ""36078""}","{""ZipCode"": ""36078""}"
373,"{""Score"": ""100%""}","{""Score"": ""100%""}"
374,"{""Condition"": ""surgical infection prevention""}","{""Condition"": ""surgical infection prevention""}"
375,"{""PhoneNumber"": ""3342836541""}","{""PhoneNumber"": ""3342836541""}"
376,"{""MeasureName"": ""surgery patients needing hair removed from the surgical area before surgery who had hair removed using a safer method (electric clippers or hair removal cream c not a razor)""}","{""MeasureName"": ""surgery patients needing hair removed from the surgical area before surgery who had hair removed using a safer method (electric clippers or hair removal cream c no a razor)""}"
377,"{""Condition"": ""heart attack""}","{""Condition"": ""heart attack""}"
378,"{""MeasureCode"": ""ami-3""}","{""MeasureCode"": ""ami-3""}"
379,"{""Score"": ""67%""}","{""Score"": ""97%""}"
380,"{""ProviderNumber"": ""10035""}","{""ProviderNumber"": ""10035""}"
381,"{""Stateavg"": ""al_ami-7a""}","{""Stateavg"": ""al_ami-7a""}"
382,"{""CountyName"": ""cullman""}","{""CountyName"": ""cullman""}"
383,"{""ProviderNumber"": ""10035""}","{""ProviderNumber"": ""10035""}"
384,"{""HospitalType"": ""acute care hospitals""}","{""HospitalType"": ""acute care hospitals""}"
385,"{""MeasureCode"": ""pn-4""}","{""MeasureCode"": ""pn-4""}"
386,"{""HospitalName"": ""cullman regional medical center""}","{""HospitalName"": ""cullman regional medical center""}"
387,"{""CountyName"": ""cullman""}","{""CountyName"": ""cullman""}"
388,"{""Condition"": ""surgical infection prevention""}","{""Condition"": ""surgical infection prevention""}"
389,"{""MeasureCode"": ""scip-inf-2""}","{""MeasureCode"": ""scip-inf-2""}"
390,"{""Address1"": ""1912 alabama highway 157""}","{""Address1"": ""1912 alabama highway 157""}"
391,"{""City"": ""cullman""}","{""City"": ""cullman""}"
392,"{""HospitalOwner"": ""proprietary""}","{""HospitalOwner"": ""proprietary""}"
393,"{""MeasureCode"": ""hf-2""}","{""MeasureCode"": ""hf-2""}"
394,"{""ZipCode"": ""36420""}","{""ZipCode"": ""36420""}"
395,"{""PhoneNumber"": ""3342228466""}","{""PhoneNumber"": ""3342228466""}"
396,"{""CountyName"": ""covington""}","{""CountyName"": ""covington""}"
397,"{""ProviderNumber"": ""10036""}","{""ProviderNumber"": ""10036""}"
398,"{""City"": ""andalusia""}","{""City"": ""andalusia""}"
399,"{""HospitalName"": ""andalusia regional hospital""}","{""HospitalName"": ""andalusia regional hospital""}"
400,"{""Stateavg"": ""al_scip-inf-2""}","{""Stateavg"": ""al_scip-inf-2""}"
401,"{""PhoneNumber"": ""3342228466""}","{""PhoneNumber"": ""3342228466""}"
402,"{""State"": ""al""}","{""State"": ""al""}"
403,"{""Stateavg"": ""al_scip-vte-1""}","{""Stateavg"": ""al_scip-vte-1""}"
404,"{""HospitalName"": ""andalusia regional hospital""}","{""HospitalName"": ""andalusia regional hospital""}"
405,"{""Address1"": ""301 east 18th st""}","{""Address1"": ""301 east 18th st""}"
406,"{""Score"": ""93%""}","{""Score"": ""93%""}"
407,"{""City"": ""anniston""}","{""City"": ""anniston""}"
408,"{""MeasureCode"": ""cac-1""}","{""MeasureCode"": ""cac-1""}"
409,"{""Sample"": ""193 patients""}","{""Sample"": ""193 patients""}"
410,"{""HospitalName"": ""huntsville hospital""}","{""HospitalName"": ""huntsville hospital""}"
411,"{""HospitalType"": ""acute care hospitals""}","{""HospitalType"": ""acute care hospitals""}"
412,"{""ProviderNumber"": ""10039""}","{""ProviderNumber"": ""10039""}"
413,"{""Condition"": ""heart attack""}","{""Condition"": ""heart attack""}"
414,"{""HospitalType"": ""acute care hospitals""}","{""HospitalType"": ""acute care hospitals""}"
415,"{""HospitalOwner"": ""government - hospital district or authority""}","{""HospitalOwner"": ""government - hospital district or authority""}"
416,"{""CountyName"": ""madison""}","{""CountyName"": ""madison""}"
417,"{""MeasureName"": ""heart failure patients given an evaluation of left ventricular systolic (lvs) function""}","{""MeasureName"": ""heart failure patients given an evaluation of left ventricular systolic (lvs) function""}"
418,"{""Stateavg"": ""al_hf-4""}","{""Stateavg"": ""al_hf-4""}"
419,"{""MeasureCode"": ""pn-2""}","{""MeasureCode"": ""pn-2""}"
420,"{""ProviderNumber"": ""10039""}","{""ProviderNumber"": ""10039""}"
421,"{""State"": ""al""}","{""State"": ""al""}"
422,"{""ProviderNumber"": ""10039""}","{""ProviderNumber"": ""10039""}"
423,"{""Stateavg"": ""al_scip-inf-2""}","{""Stateavg"": ""al_scip-inf-2""}"
424,"{""EmergencyService"": ""yes""}","{""EmergencyService"": ""yes""}"
425,"{""CountyName"": ""madison""}","{""CountyName"": ""madison""}"
426,"{""MeasureName"": ""heart attack patients given aspirin at arrival""}","{""MeasureName"": ""heart attack patients given aspirin at arrival""}"
427,"{""EmergencyService"": ""yes""}","{""EmergencyService"": ""yes""}"
428,"{""HospitalType"": ""acute care hospitals""}","{""HospitalType"": ""acute care hospitals""}"
429,"{""ZipCode"": ""35903""}","{""ZipCode"": ""35903""}"
430,"{""MeasureName"": ""pneumonia patients given initial antibiotic(s) within 6 hours after arrival""}","{""MeasureName"": ""pneumonia patients given initial antibiotic(s) within 6 hours after arrival""}"
431,"{""City"": ""gadsden""}","{""City"": ""gadsden""}"
432,"{""PhoneNumber"": ""2564944000""}","{""PhoneNumber"": ""2564944000""}"
433,"{""Stateavg"": ""al_ami-1""}","{""Stateavg"": ""al_ami-1""}"
434,"{""MeasureCode"": ""pn-6""}","{""MeasureCode"": ""pn-6""}"
435,"{""Stateavg"": ""al_pn-6""}","{""Stateavg"": ""al_pnx6""}"
436,"{""Sample"": ""4 patients""}","{""Sample"": ""4 patients""}"
437,"{""HospitalOwner"": ""voluntary non-profit - private""}","{""HospitalOwner"": ""voluntary non-profit - private""}"
438,"{""HospitalType"": ""acute care hospitals""}","{""HospitalType"": ""acute care hospitals""}"
439,"{""Address1"": ""1010 lay dam road""}","{""Address1"": ""1010 lay dam road""}"
440,"{""Condition"": ""surgical infection prevention""}","{""Condition"": ""surgical infection prevention""}"
441,"{""City"": ""hamilton""}","{""City"": ""hamilton""}"
442,"{""PhoneNumber"": ""2059216200""}","{""PhoneNumber"": ""2059216200""}"
443,"{""Address1"": ""1256 military street south""}","{""Address1"": ""1256 military street south""}"
444,"{""ProviderNumber"": ""10044""}","{""ProviderNumber"": ""10044""}"
445,"{""Score"": ""80%""}","{""Score"": ""80%""}"
446,"{""PhoneNumber"": ""2059216200""}","{""PhoneNumber"": ""2059216200""}"
447,"{""MeasureCode"": ""pn-4""}","{""MeasureCode"": ""pn-4""}"
448,"{""EmergencyService"": ""yes""}","{""EmergencyService"": ""yes""}"
449,"{""Sample"": ""121 patients""}","{""Sample"": ""121 patients""}"
450,"{""HospitalOwner"": ""voluntary non-profit - private""}","{""HospitalOwner"": ""voluntary non-profit - private""}"
451,"{""Condition"": ""surgical infection prevention""}","{""Condition"": ""surgical infection prevention""}"
452,"{""HospitalOwner"": ""voluntary non-profit - private""}","{""HospitalOwner"": ""voluntary non-profit - private""}"
453,"{""Sample"": ""15 patients""}","{""Sample"": ""15 patients""}"
454,"{""HospitalType"": ""acute care hospitals""}","{""HospitalType"": ""acute care hospitals""}"
455,"{""ProviderNumber"": ""10045""}","{""ProviderNumber"": ""10045""}"
456,"{""PhoneNumber"": ""2059325966""}","{""PhoneNumber"": ""2059325966""}"
457,"{""PhoneNumber"": ""2059325966""}","{""PhoneNumber"": ""2059325966""}"
458,"{""State"": ""al""}","{""State"": ""al""}"
459,"{""State"": ""al""}","{""State"": ""al""}"
460,"{""ProviderNumber"": ""10045""}","{""ProviderNumber"": ""10045""}"
461,"{""Score"": ""85%""}","{""Score"": ""95%""}"
462,"{""EmergencyService"": ""yes""}","{""EmergencyService"": ""yes""}"
463,"{""MeasureName"": ""pneumonia patients assessed and given influenza vaccination""}","{""MeasureName"": ""pneumonia patients assessed and given influenza vaccination""}"
464,"{""City"": ""fayette""}","{""City"": ""fayette""}"
465,"{""CountyName"": ""fayette""}","{""CountyName"": ""fayette""}"
466,"{""HospitalType"": ""acute care hospitals""}","{""HospitalType"": ""acute care hospitals""}"
467,"{""MeasureName"": ""children who received reliever medication while hospitalized for asthma""}","{""MeasureName"": ""children who received a reliever medication while hospitalized for asthma""}"
468,"{""HospitalName"": ""riverview regional medical center""}","{""HospitalName"": ""riverview regional medical center""}"
469,"{""Sample"": ""126 patients""}","{""Sample"": ""126 patients""}"
470,"{""Address1"": ""600 south third street""}","{""Address1"": ""600 south third street""}"
471,"{""MeasureName"": ""heart failure patients given smoking cessation advice/counseling""}","{""MeasureName"": ""heart failure patients given smoking cessation advice/counseling""}"
472,"{""PhoneNumber"": ""2565435200""}","{""PhoneNumber"": ""2565435200""}"
473,"{""CountyName"": ""etowah""}","{""CountyName"": ""etowah""}"
474,"{""EmergencyService"": ""yes""}","{""EmergencyService"": ""yes""}"
475,"{""Stateavg"": ""al_pn-6""}","{""Stateavg"": ""al_pn-6""}"
476,"{""HospitalName"": ""riverview regional medical center""}","{""HospitalName"": ""riverview regional medical center""}"
477,"{""EmergencyService"": ""yes""}","{""EmergencyService"": ""yes""}"
478,"{""HospitalName"": ""riverview regional medical center""}","{""HospitalName"": ""riverview regional medical center""}"
479,"{""State"": ""al""}","{""State"": ""al""}"
480,"{""ZipCode"": ""35901""}","{""ZipCode"": ""35901""}"
481,"{""HospitalType"": ""acute care hospitals""}","{""HospitalType"": ""acute care hospitals""}"
482,"{""MeasureCode"": ""ami-1""}","{""MeasureCode"": ""ami-1""}"
483,"{""ProviderNumber"": ""10047""}","{""ProviderNumber"": ""10047""}"
484,"{""Address1"": ""515 miranda st""}","{""Address1"": ""515 miranda st""}"
485,"{""Address1"": ""515 miranda st""}","{""Address1"": ""515 miranda st""}"
486,"{""HospitalName"": ""georgiana hospital""}","{""HospitalName"": ""georgiana hospital""}"
487,"{""CountyName"": ""butler""}","{""CountyName"": ""butler""}"
488,"{""Address1"": ""515 miranda st""}","{""Address1"": ""515 miranda st""}"
489,"{""City"": ""georgiana""}","{""City"": ""georgiana""}"
490,"{""HospitalType"": ""acute care hospitals""}","{""HospitalType"": ""acute care hospitals""}"
491,"{""ProviderNumber"": ""10049""}","{""ProviderNumber"": ""10049""}"
492,"{""Condition"": ""heart attack""}","{""Condition"": ""heart attack""}"
493,"{""HospitalName"": ""medical center enterprise""}","{""HospitalName"": ""medical center enterprise""}"
494,"{""Address1"": ""400 n edwards street""}","{""Address1"": ""400 n edwards street""}"
495,"{""HospitalType"": ""acute care hospitals""}","{""HospitalType"": ""acute care hospitals""}"
496,"{""City"": ""enterprise""}","{""City"": ""enterprise""}"
497,"{""HospitalName"": ""medical center enterprise""}","{""HospitalName"": ""medical center enterprise""}"
498,"{""HospitalType"": ""acute care hospitals""}","{""HospitalType"": ""acute care hospitals""}"
499,"{""CountyName"": ""coffee""}","{""CountyName"": ""coffee""}"
500,"{""City"": ""enterprise""}","{""City"": ""enterprise""}"
501,"{""Sample"": ""27 patients""}","{""Sample"": ""27 patients""}"
502,"{""Condition"": ""surgical infection prevention""}","{""Condition"": ""surgical infection prevention""}"
503,"{""HospitalType"": ""acute care hospitals""}","{""HospitalType"": ""acute care hospitals""}"
504,"{""City"": ""oneonta""}","{""City"": ""oneonta""}"
505,"{""Address1"": ""150 gilbreath drive""}","{""Address1"": ""150 gilbreath drive""}"
506,"{""HospitalName"": ""st vincents blount""}","{""HospitalName"": ""st vincents blount""}"
507,"{""MeasureName"": ""surgery patients who were taking heart drugs called beta blockers before coming to the hospital who were kept on the beta blockers during the period just before and after their surgery""}","{""MeasureName"": ""surgery patients who were taking heart drugs called beta blockers before coming to the hospital who were kept on the beta blockers during the period just before and after their surgery""}"
