idx,true,prior_match,cond_match,ratio_match,prior_mismatch,cond_mismatch,ratio_mismatch
0,match,5.2344,5.5112,1.0529,2.7153,3.9413,1.4515
1,mismatch,7.2606,3.0668,0.4224,2.9596,3.3706,1.1389
2,mismatch,9.3331,5.2207,0.5594,2.95,2.7899,0.9457
3,match,3.8486,2.7749,0.721,2.7742,2.6758,0.9645
4,mismatch,7.1283,4.8056,0.6742,3.1852,3.1416,0.9863
5,mismatch,5.0798,4.206,0.828,2.9393,2.9506,1.0038
6,mismatch,10.1202,3.7942,0.3749,2.7833,2.5084,0.9012
7,match,4.7831,2.1848,0.4568,2.8101,8.7779,3.1237
8,mismatch,8.3612,2.6116,0.3124,2.9208,2.3024,0.7883
9,mismatch,7.0932,4.8848,0.6887,2.8242,2.5145,0.8904
10,mismatch,7.4911,5.5315,0.7384,2.9867,3.065,1.0262
11,mismatch,7.5398,3.5875,0.4758,2.983,4.7449,1.5907
12,mismatch,8.1142,3.5433,0.4367,3.5683,2.4191,0.6779
13,match,4.5127,3.7459,0.8301,2.7329,3.4144,1.2494
14,mismatch,6.9024,6.2789,0.9097,3.7017,3.2034,0.8654
15,mismatch,8.0064,4.632,0.5785,2.9904,2.4893,0.8324
16,mismatch,7.3542,4.3447,0.5908,2.8561,2.6883,0.9412
17,mismatch,5.1995,3.2358,0.6223,2.7547,3.4206,1.2417
18,mismatch,3.5108,3.067,0.8736,3.2502,2.5332,0.7794
19,match,6.3236,3.938,0.6227,2.6231,5.1289,1.9553
20,mismatch,9.4149,3.887,0.4128,3.1705,2.5173,0.794
21,mismatch,9.4231,3.9596,0.4202,3.3969,2.6667,0.785
22,mismatch,10.104,5.2815,0.5227,3.1643,2.6823,0.8477
23,mismatch,7.1775,3.8372,0.5346,2.7048,2.8576,1.0565
24,mismatch,7.8438,4.6016,0.5867,2.8033,2.3113,0.8245
25,match,4.7831,2.1848,0.4568,2.8101,8.7779,3.1237
26,mismatch,7.3636,6.5182,0.8852,3.1041,3.2706,1.0536
27,match,5.7432,4.0352,0.7026,3.0795,4.1793,1.3571
28,mismatch,7.6992,2.5345,0.3292,2.8472,2.1898,0.7691
29,mismatch,9.5874,5.9442,0.62,3.059,3.0624,1.0011
30,mismatch,9.5457,5.7502,0.6024,3.0889,4.1239,1.3351
31,mismatch,8.4235,4.5417,0.5392,2.893,3.0666,1.06
32,mismatch,6.9584,3.4119,0.4903,3.3147,2.8906,0.872
33,mismatch,7.7793,4.497,0.5781,2.9762,2.8512,0.958
34,mismatch,8.0794,4.1171,0.5096,3.061,2.5163,0.8221
35,match,4.5127,3.7459,0.8301,2.7329,3.4144,1.2494
36,mismatch,9.6951,2.7088,0.2794,3.0473,2.2874,0.7506
37,match,3.1733,2.4908,0.7849,3.9078,1.9291,0.4937
38,mismatch,7.2593,5.3544,0.7376,2.8238,4.6374,1.6423
39,mismatch,8.2653,4.37,0.5287,2.6993,2.2854,0.8467
40,mismatch,10.2208,3.2614,0.3191,3.0973,3.6905,1.1915
41,mismatch,8.0562,4.7688,0.5919,2.8944,2.6456,0.914
42,mismatch,8.5939,3.1328,0.3645,2.7781,2.6143,0.941
43,mismatch,7.7149,4.0304,0.5224,2.8647,2.0994,0.7328
44,mismatch,7.739,6.4364,0.8317,2.97,3.0528,1.0279
45,mismatch,9.0897,4.4832,0.4932,2.8183,2.2389,0.7944
46,match,4.2243,3.1678,0.7499,3.0332,3.7979,1.2521
47,mismatch,7.4884,4.1276,0.5512,3.2574,3.0757,0.9442
48,mismatch,8.0659,5.9679,0.7399,2.8462,2.4862,0.8735
49,mismatch,6.6992,4.5044,0.6724,2.9539,2.8768,0.9739
50,mismatch,7.7868,5.2135,0.6695,2.9742,2.8182,0.9476
51,mismatch,9.8914,5.699,0.5762,2.9317,2.3525,0.8024
52,mismatch,8.5193,3.8881,0.4564,3.0235,3.3414,1.1052
53,mismatch,8.0471,6.4077,0.7963,3.0439,3.0551,1.0037
54,mismatch,9.2461,8.3207,0.8999,2.9389,3.3877,1.1527
55,mismatch,6.7359,4.9159,0.7298,3.0647,3.5992,1.1744
56,mismatch,6.5363,4.5787,0.7005,2.9355,2.7434,0.9346
57,mismatch,5.7423,4.4528,0.7754,3.0884,2.4667,0.7987
58,match,3.9479,4.5179,1.1444,3.3517,2.7552,0.822
59,match,5.7432,4.0352,0.7026,3.0795,4.1793,1.3571
60,match,4.4904,2.7195,0.6056,2.9107,2.8253,0.9706
61,mismatch,8.7031,4.8916,0.5621,2.8344,2.3077,0.8142
62,mismatch,3.7292,3.9198,1.0511,3.0976,2.2513,0.7268
63,mismatch,5.2796,4.3254,0.8193,2.7406,2.8641,1.0451
64,mismatch,7.9233,2.8991,0.3659,3.0857,2.9056,0.9416
65,match,3.1528,5.2521,1.6658,3.5502,23.8005,6.7039
66,mismatch,6.7212,4.7359,0.7046,2.9485,2.6249,0.8903
67,mismatch,6.8386,6.4844,0.9482,2.756,3.8844,1.4094
68,match,4.8211,3.9828,0.8261,2.869,4.5491,1.5856
69,match,4.871,5.1367,1.0545,2.9371,2.9542,1.0058
70,match,4.64,4.0729,0.8778,2.9736,2.6305,0.8846
71,match,3.5548,2.6713,0.7515,2.9343,4.3179,1.4715
72,mismatch,8.7676,7.9236,0.9037,3.5186,3.927,1.1161
73,mismatch,6.1987,4.9988,0.8064,2.858,2.7238,0.953
74,mismatch,8.8998,2.5445,0.2859,3.0347,2.4897,0.8204
75,mismatch,9.7531,2.8329,0.2905,2.8201,2.4414,0.8657
76,mismatch,6.7897,5.608,0.826,2.8007,3.287,1.1736
77,match,2.9577,2.5173,0.8511,4.4051,10.7405,2.4382
78,mismatch,8.2883,3.3832,0.4082,2.9984,2.3992,0.8001
79,mismatch,7.5946,4.8411,0.6374,3.0403,2.633,0.866
80,mismatch,4.8519,3.2605,0.672,3.0079,2.8118,0.9348
81,match,4.2735,3.8329,0.8969,4.5435,2.5941,0.571
82,match,3.7582,2.5937,0.6901,2.9804,2.2599,0.7582
83,mismatch,7.0597,4.3482,0.6159,3.2304,2.2399,0.6934
84,mismatch,7.6445,4.8082,0.629,2.9987,2.3931,0.7981
85,mismatch,6.7526,4.8649,0.7204,3.0714,2.7049,0.8807
86,mismatch,6.7495,4.4758,0.6631,2.6116,2.5912,0.9922
87,mismatch,7.1346,5.2062,0.7297,2.7872,2.0775,0.7454
88,mismatch,8.7666,4.8492,0.5531,3.0161,2.2905,0.7594
89,mismatch,7.2553,4.2761,0.5894,3.0447,3.1471,1.0336
90,mismatch,7.8512,3.6313,0.4625,3.1586,2.5604,0.8106
91,mismatch,6.4532,4.0987,0.6351,2.8545,2.0608,0.722
92,mismatch,7.6121,3.233,0.4247,2.7505,3.6302,1.3198
93,mismatch,4.3342,5.8296,1.345,2.979,5.3225,1.7866
94,mismatch,9.0664,2.7771,0.3063,2.9686,2.1953,0.7395
95,mismatch,8.0556,6.1186,0.7595,2.8743,2.976,1.0354
96,mismatch,7.6255,4.4591,0.5848,2.9243,2.8236,0.9656
97,mismatch,8.7032,4.9551,0.5693,2.9475,2.1677,0.7355
98,mismatch,9.6162,3.772,0.3923,2.9663,2.1784,0.7344
99,mismatch,8.1824,5.1395,0.6281,3.0974,3.8645,1.2477
100,match,4.507,2.4905,0.5526,2.7067,10.4776,3.871
101,mismatch,8.6911,2.74,0.3153,2.9937,2.0431,0.6825
102,mismatch,8.7789,5.5798,0.6356,3.0264,2.5719,0.8498
103,mismatch,4.2556,2.6852,0.631,2.8938,2.4003,0.8295
104,mismatch,9.6212,4.35,0.4521,3.259,2.5228,0.7741
105,mismatch,7.2787,3.3958,0.4665,4.5133,2.1721,0.4813
106,mismatch,9.714,2.9214,0.3007,4.6019,2.6625,0.5786
107,mismatch,8.1385,3.0015,0.3688,2.9459,2.3516,0.7983
108,mismatch,8.5132,6.9401,0.8152,2.9458,3.757,1.2754
109,mismatch,8.242,4.0099,0.4865,2.8162,2.4221,0.8601
110,mismatch,6.3424,3.6904,0.5819,2.8496,3.2096,1.1263
111,match,3.1528,5.2521,1.6658,3.5502,23.8005,6.7039
112,mismatch,7.6789,5.4759,0.7131,2.924,2.7485,0.94
113,match,5.3744,4.1483,0.7719,4.0958,3.7677,0.9199
114,mismatch,8.4768,5.5551,0.6553,3.0995,2.6669,0.8604
115,mismatch,7.2152,3.7065,0.5137,2.873,2.5483,0.887
116,mismatch,9.8201,5.532,0.5633,3.6835,2.8044,0.7613
117,mismatch,9.8569,3.94,0.3997,3.574,2.9627,0.829
118,mismatch,8.8689,6.4296,0.725,2.8171,3.0715,1.0903
119,match,5.2344,5.5112,1.0529,2.7153,3.9413,1.4515
120,match,5.7432,4.0352,0.7026,3.0795,4.1793,1.3571
121,mismatch,7.6629,3.1506,0.4111,2.9124,2.3917,0.8212
122,mismatch,7.386,2.9249,0.396,2.7844,2.701,0.9701
123,mismatch,10.0544,7.2928,0.7253,2.9337,3.3676,1.1479
124,mismatch,9.4843,5.4562,0.5753,3.8472,3.2645,0.8485
125,mismatch,7.4758,6.3338,0.8472,2.7632,3.2195,1.1651
126,match,3.7534,5.7543,1.5331,2.9316,2.6051,0.8886
127,match,5.3343,3.8156,0.7153,2.84,2.6419,0.9303
128,mismatch,10.9727,5.5035,0.5016,4.0137,3.4506,0.8597
129,mismatch,4.0049,5.6299,1.4058,3.0777,3.7304,1.2121
130,match,3.8486,2.7749,0.721,2.7742,2.6758,0.9645
131,mismatch,7.8166,4.2901,0.5488,2.8895,2.6365,0.9124
132,mismatch,4.2044,3.1133,0.7405,2.8956,2.6532,0.9163
133,match,4.1756,2.1997,0.5268,3.1119,2.5298,0.8129
134,mismatch,8.5472,4.7731,0.5584,3.0756,6.1702,2.0062
135,match,3.997,4.6568,1.1651,2.8679,4.0962,1.4283
136,match,3.6247,2.5884,0.7141,3.2742,13.6761,4.177
137,mismatch,8.2204,3.6416,0.443,2.893,2.4166,0.8353
138,match,4.64,4.0729,0.8778,2.9736,2.6305,0.8846
139,mismatch,3.2248,3.4883,1.0817,2.9497,2.2828,0.7739
140,mismatch,9.6525,7.8794,0.8163,3.056,3.7049,1.2123
141,mismatch,8.3034,4.5544,0.5485,2.9836,2.5891,0.8678
142,match,3.4207,3.839,1.1223,4.2213,4.7571,1.1269
143,mismatch,9.7972,2.7925,0.285,3.1235,2.596,0.8311
144,mismatch,7.7484,3.6952,0.4769,2.947,2.2082,0.7493
145,match,3.7582,2.5937,0.6901,2.9804,2.2599,0.7582
146,mismatch,8.6435,4.6742,0.5408,2.8744,2.9536,1.0276
147,mismatch,8.1556,3.7608,0.4611,2.9442,2.7345,0.9288
148,mismatch,7.3344,4.568,0.6228,3.3237,2.9159,0.8773
149,match,3.651,2.5245,0.6915,3.0203,3.6713,1.2156
150,mismatch,4.7297,4.4792,0.947,3.0708,2.9119,0.9483
151,mismatch,9.3713,5.6771,0.6058,3.1213,2.931,0.9391
152,mismatch,5.9599,6.5102,1.0923,3.0545,2.7393,0.8968
153,mismatch,8.7797,3.7289,0.4247,2.9987,2.6079,0.8697
154,mismatch,5.8573,7.6952,1.3138,2.4677,3.4106,1.3821
155,match,3.5146,4.4438,1.2644,2.9155,3.6718,1.2594
156,match,4.2243,3.1678,0.7499,3.0332,3.7979,1.2521
157,mismatch,8.0794,4.1171,0.5096,3.061,2.5163,0.8221
158,mismatch,8.7119,5.2405,0.6015,2.9468,2.9201,0.9909
159,match,4.4,2.9049,0.6602,2.8097,2.3432,0.834
160,mismatch,9.4162,4.8709,0.5173,3.0073,2.8235,0.9389
161,mismatch,7.3249,3.1904,0.4356,2.8139,2.3867,0.8482
162,mismatch,5.2291,4.0372,0.7721,3.001,2.6102,0.8698
163,match,3.5146,4.4438,1.2644,2.9155,3.6718,1.2594
164,mismatch,9.4732,5.6769,0.5993,3.6284,2.5356,0.6988
165,match,3.6608,2.8159,0.7692,4.99,1.9638,0.3936
166,mismatch,11.1478,5.0235,0.4506,3.1489,3.227,1.0248
167,mismatch,9.7327,9.1802,0.9432,3.051,3.9053,1.28
168,mismatch,5.7062,5.2255,0.9158,2.6862,2.2745,0.8467
169,mismatch,9.053,5.3768,0.5939,3.7263,3.1361,0.8416
170,mismatch,7.0306,3.254,0.4628,2.9122,4.146,1.4237
171,mismatch,8.2986,3.3885,0.4083,3.455,2.424,0.7016
172,mismatch,7.8082,3.7203,0.4765,2.9001,2.3537,0.8116
173,mismatch,8.1455,4.5899,0.5635,3.1864,2.3208,0.7283
174,mismatch,7.0932,4.8848,0.6887,2.8242,2.5145,0.8904
175,mismatch,9.3508,4.8002,0.5133,2.9928,2.4226,0.8095
176,match,3.6608,2.8159,0.7692,4.99,1.9638,0.3936
177,match,3.8486,2.7749,0.721,2.7742,2.6758,0.9645
178,mismatch,5.0015,2.0341,0.4067,2.8618,2.569,0.8977
179,mismatch,9.2671,4.9266,0.5316,3.0587,3.2962,1.0776
180,mismatch,7.5914,3.9744,0.5235,2.9022,3.0045,1.0353
181,mismatch,8.2936,5.343,0.6442,3.1343,2.9625,0.9452
182,mismatch,6.8586,4.6462,0.6774,2.9279,4.2197,1.4412
183,match,2.9577,2.5173,0.8511,4.4051,10.7405,2.4382
184,mismatch,7.3862,5.8784,0.7959,2.668,2.5095,0.9406
185,mismatch,8.1591,3.9102,0.4792,2.811,2.8538,1.0152
186,mismatch,7.8619,4.2631,0.5422,3.1052,2.9249,0.942
187,match,5.3441,2.5412,0.4755,2.7146,2.7438,1.0107
188,mismatch,7.5923,3.9859,0.525,2.9022,3.4826,1.2
189,mismatch,8.3753,7.0752,0.8448,2.7308,3.3549,1.2286
190,mismatch,6.2658,4.4678,0.713,2.9931,2.7851,0.9305
191,mismatch,5.6093,3.9945,0.7121,3.0245,3.5999,1.1903
192,match,4.5127,3.4111,0.7559,2.9164,3.8779,1.3297
193,mismatch,8.7649,4.6878,0.5348,3.0975,2.9811,0.9624
194,mismatch,8.0407,4.9288,0.613,3.0147,3.0424,1.0092
195,mismatch,8.8075,4.3424,0.493,3.0486,3.1425,1.0308
196,mismatch,9.1405,4.9854,0.5454,3.1404,2.6103,0.8312
197,mismatch,6.9154,3.305,0.4779,2.9282,2.5427,0.8684
198,mismatch,8.8046,3.1648,0.3595,2.9732,2.9027,0.9763
199,match,4.7831,2.1848,0.4568,2.8101,8.7779,3.1237
200,mismatch,7.1228,3.0615,0.4298,2.8095,3.8311,1.3636
201,mismatch,8.5485,4.5621,0.5337,2.9556,2.6754,0.9052
202,mismatch,6.7212,4.7359,0.7046,2.9485,2.6249,0.8903
203,mismatch,9.3579,4.3032,0.4598,3.2101,2.3471,0.7312
204,match,4.2243,3.1678,0.7499,3.0332,3.7979,1.2521
205,mismatch,8.1297,5.5059,0.6773,2.9535,3.0125,1.02
206,match,5.3441,2.5412,0.4755,2.7146,2.7438,1.0107
207,match,3.6247,2.5884,0.7141,3.2742,13.6761,4.177
208,mismatch,9.034,4.7503,0.5258,3.9604,2.8264,0.7137
209,mismatch,10.6263,4.5944,0.4324,3.1459,2.1053,0.6692
210,mismatch,8.838,3.2611,0.369,2.7839,2.0289,0.7288
211,mismatch,7.8114,5.6723,0.7262,3.1511,2.6548,0.8425
212,mismatch,6.3701,3.4235,0.5374,2.8097,2.9712,1.0575
213,mismatch,7.9706,3.6235,0.4546,2.9323,2.7694,0.9444
214,mismatch,9.1288,3.0097,0.3297,2.862,2.1082,0.7366
215,mismatch,8.3295,4.1943,0.5035,3.005,2.5342,0.8433
216,match,4.2735,3.8329,0.8969,4.5435,2.5941,0.571
217,mismatch,6.9834,5.4842,0.7853,3.1795,2.5458,0.8007
218,mismatch,9.2454,6.4793,0.7008,3.2208,2.9173,0.9058
219,mismatch,10.2954,4.7191,0.4584,3.2187,2.3928,0.7434
220,mismatch,7.6157,6.4947,0.8528,2.8652,3.1037,1.0832
221,mismatch,7.9178,3.5605,0.4497,2.9424,2.0642,0.7015
222,match,5.5796,5.5238,0.99,2.8615,8.212,2.8698
223,mismatch,7.5301,4.7404,0.6295,2.7253,2.3488,0.8618
224,mismatch,9.1018,5.1209,0.5626,3.1133,2.5377,0.8151
225,match,5.2344,5.5112,1.0529,2.7153,3.9413,1.4515
226,mismatch,6.5409,3.8196,0.584,3.2434,3.5584,1.0971
227,mismatch,7.6044,5.8606,0.7707,3.0513,2.9849,0.9782
228,mismatch,6.8723,6.5646,0.9552,2.8612,3.0909,1.0803
229,match,4.8211,3.9828,0.8261,2.869,4.5491,1.5856
230,mismatch,10.0095,4.7415,0.4737,3.9211,3.1275,0.7976
231,mismatch,8.2561,5.0265,0.6088,2.9162,2.9925,1.0262
232,mismatch,4.2828,4.0672,0.9497,2.7268,2.9839,1.0943
233,mismatch,7.6298,2.3136,0.3032,2.7936,1.877,0.6719
234,mismatch,10.323,3.2436,0.3142,3.1407,2.1787,0.6937
235,mismatch,7.4832,3.3631,0.4494,2.7641,3.3588,1.2152
236,match,3.4721,5.9056,1.7009,4.6104,3.3302,0.7223
237,mismatch,5.9311,5.6431,0.9514,3.1669,3.5571,1.1232
238,mismatch,9.3587,3.9112,0.4179,2.967,2.3025,0.776
239,mismatch,9.7617,3.8978,0.3993,3.2196,2.7146,0.8431
240,mismatch,4.6597,5.6066,1.2032,2.9843,3.1015,1.0393
241,mismatch,9.0166,3.2503,0.3605,2.8123,3.2043,1.1394
242,mismatch,7.8299,3.7132,0.4742,3.244,2.3136,0.7132
243,mismatch,9.2265,2.5147,0.2726,2.9495,2.185,0.7408
244,match,4.2243,3.1678,0.7499,3.0332,3.7979,1.2521
245,mismatch,8.6718,4.7865,0.552,3.048,2.6609,0.873
246,mismatch,6.6592,3.441,0.5167,2.8933,1.9603,0.6775
247,mismatch,6.5419,4.0701,0.6222,3.0335,2.3304,0.7682
248,mismatch,7.1515,6.1286,0.857,2.5728,2.7875,1.0834
249,mismatch,7.7483,3.819,0.4929,3.0332,3.4795,1.1471
250,mismatch,8.2407,5.9121,0.7174,3.0309,2.3584,0.7781
251,mismatch,7.3295,4.6636,0.6363,2.9168,2.3525,0.8066
252,mismatch,6.4994,4.3952,0.6762,3.0846,3.154,1.0225
253,mismatch,4.6746,3.8026,0.8135,2.6119,3.199,1.2248
254,mismatch,8.969,3.998,0.4458,3.0059,2.6893,0.8947
255,match,4.5995,4.3125,0.9376,3.2065,4.8393,1.5092
256,mismatch,7.7368,4.4029,0.5691,3.133,2.5776,0.8227
257,mismatch,6.6678,3.8224,0.5733,3.0626,2.5472,0.8317
258,match,3.5146,4.4438,1.2644,2.9155,3.6718,1.2594
259,mismatch,10.4895,3.4859,0.3323,4.0932,2.6377,0.6444
260,mismatch,8.6571,3.7559,0.4338,2.8916,2.6133,0.9037
261,mismatch,6.3457,3.2564,0.5132,2.9931,2.1817,0.7289
262,match,4.507,2.4905,0.5526,2.7067,10.4776,3.871
263,mismatch,8.527,4.9227,0.5773,2.9451,2.5591,0.869
264,match,4.3238,2.8662,0.6629,2.9011,2.4011,0.8276
265,mismatch,9.1794,5.0959,0.5551,2.9528,3.5333,1.1966
266,mismatch,7.6779,4.5531,0.593,2.8332,2.4918,0.8795
267,mismatch,6.7349,2.7683,0.411,2.9472,3.6666,1.2441
268,match,3.1528,5.2521,1.6658,3.5502,23.8005,6.7039
269,match,5.5633,4.1237,0.7412,4.8106,2.6951,0.5602
270,mismatch,9.9425,3.7643,0.3786,2.8352,2.2789,0.8038
271,match,3.8313,3.7749,0.9853,2.7652,2.4266,0.8776
272,match,3.1733,2.4908,0.7849,3.9078,1.9291,0.4937
273,mismatch,8.6824,5.4145,0.6236,2.9914,3.4258,1.1452
274,match,4.507,2.4905,0.5526,2.7067,10.4776,3.871
275,mismatch,9.5718,4.5433,0.4747,2.9684,2.5437,0.8569
276,match,5.3744,4.1483,0.7719,4.0958,3.7677,0.9199
277,mismatch,7.6701,3.7174,0.4847,2.7873,4.175,1.4979
278,mismatch,9.6633,10.5802,1.0949,3.132,5.2756,1.6844
279,mismatch,8.2945,6.4349,0.7758,3.0709,3.2427,1.0559
280,mismatch,7.732,4.4803,0.5794,2.94,2.2131,0.7528
281,mismatch,13.2119,4.5364,0.3434,5.1252,2.0098,0.3921
282,mismatch,8.31,5.1563,0.6205,2.9454,3.2485,1.1029
283,match,3.9362,2.9211,0.7421,3.4683,2.2905,0.6604
284,mismatch,7.4845,4.3334,0.579,3.4105,3.2353,0.9486
285,match,3.9362,2.9211,0.7421,3.4683,2.2905,0.6604
286,match,3.8508,3.409,0.8853,3.4792,3.7233,1.0702
287,mismatch,9.1329,2.9164,0.3193,2.889,3.4212,1.1842
288,mismatch,5.2501,2.9334,0.5587,2.796,2.3579,0.8433
289,mismatch,8.9201,4.2665,0.4783,2.9457,2.8753,0.9761
290,mismatch,9.528,4.6417,0.4872,3.1043,3.2031,1.0318
291,mismatch,8.1837,6.5458,0.7999,2.8814,2.9172,1.0124
292,mismatch,8.0551,3.6626,0.4547,2.9791,2.1239,0.7129
293,match,4.5995,4.3125,0.9376,3.2065,4.8393,1.5092
294,mismatch,8.9764,4.6485,0.5179,3.1124,2.6958,0.8661
295,mismatch,6.51,4.4661,0.686,2.8694,2.5987,0.9057
296,match,3.7582,2.5937,0.6901,2.9804,2.2599,0.7582
297,mismatch,8.5658,3.4754,0.4057,2.8276,2.955,1.0451
298,mismatch,9.1041,3.8483,0.4227,3.0262,3.2407,1.0709
299,match,5.5796,5.5238,0.99,2.8615,8.212,2.8698
300,mismatch,8.2851,4.4422,0.5362,2.9848,2.8212,0.9452
301,match,3.8486,2.7749,0.721,2.7742,2.6758,0.9645
302,mismatch,8.0244,9.323,1.1618,2.8207,3.5156,1.2463
303,mismatch,8.5525,3.796,0.4438,2.8747,2.5837,0.8988
304,mismatch,8.5253,4.7931,0.5622,2.9438,2.7474,0.9333
305,mismatch,6.1155,3.2072,0.5244,2.8621,2.4072,0.841
306,mismatch,8.5432,5.7606,0.6743,2.9234,2.8641,0.9797
307,mismatch,8.4991,3.5051,0.4124,2.9043,2.4186,0.8328
308,mismatch,7.3097,3.1214,0.427,2.729,2.1129,0.7742
309,mismatch,8.1095,2.7264,0.3362,3.2912,3.0815,0.9363
310,mismatch,9.4545,5.7537,0.6086,3.2109,2.9255,0.9111
311,mismatch,8.0529,4.2642,0.5295,2.9457,3.088,1.0483
312,mismatch,9.013,2.3835,0.2644,3.0226,3.1048,1.0272
313,mismatch,4.9233,2.7331,0.5551,3.6746,2.7619,0.7516
314,match,5.3441,2.5412,0.4755,2.7146,2.7438,1.0107
315,mismatch,8.2857,5.7179,0.6901,2.9445,2.9034,0.9861
316,mismatch,9.6134,4.8999,0.5097,2.9563,2.6656,0.9016
317,mismatch,8.0112,5.6797,0.709,2.9313,2.7608,0.9418
318,mismatch,7.5159,7.0158,0.9335,2.4116,2.8751,1.1922
319,match,4.1539,2.8643,0.6896,3.1731,2.1752,0.6855
320,match,4.5127,3.7459,0.8301,2.7329,3.4144,1.2494
321,mismatch,8.5139,5.8315,0.6849,2.9082,2.606,0.8961
322,mismatch,7.969,4.142,0.5198,3.1494,3.1706,1.0067
323,mismatch,6.8255,3.2768,0.4801,2.6945,2.2581,0.838
324,mismatch,8.0823,6.9517,0.8601,2.9197,3.6951,1.2655
325,mismatch,7.7481,3.366,0.4344,2.8178,2.4921,0.8844
326,match,2.9577,2.5173,0.8511,4.4051,10.7405,2.4382
327,mismatch,5.7996,3.6559,0.6304,3.5343,2.2951,0.6494
328,mismatch,7.9975,3.6914,0.4616,2.8376,2.5009,0.8813
329,match,4.1284,1.7908,0.4338,2.8451,2.8727,1.0097
330,mismatch,6.6891,4.6292,0.6921,3.1815,2.4671,0.7754
331,mismatch,9.4242,4.4635,0.4736,2.9813,3.0087,1.0092
332,mismatch,8.5261,6.4015,0.7508,2.8865,2.8999,1.0046
333,mismatch,9.5879,3.4852,0.3635,3.0663,2.7583,0.8996
334,mismatch,6.8083,4.7518,0.6979,2.862,2.7704,0.968
335,mismatch,8.8084,5.3484,0.6072,2.7698,2.9203,1.0543
336,match,5.3744,4.1483,0.7719,4.0958,3.7677,0.9199
337,mismatch,7.5814,5.4413,0.7177,3.0448,5.2109,1.7114
338,mismatch,9.2391,4.1411,0.4482,2.9835,2.9647,0.9937
339,match,3.5146,4.4438,1.2644,2.9155,3.6718,1.2594
340,mismatch,9.2942,5.6302,0.6058,3.0343,2.9299,0.9656
341,match,3.6481,2.9736,0.8151,3.879,5.6601,1.4592
342,mismatch,7.2655,3.808,0.5241,2.7701,3.1885,1.151
343,mismatch,6.623,3.6314,0.5483,2.564,2.8067,1.0946
344,mismatch,8.6318,8.0247,0.9297,2.8564,3.4037,1.1916
345,mismatch,8.295,4.4428,0.5356,2.9143,2.4679,0.8468
346,mismatch,6.6948,2.1931,0.3276,2.9258,2.8651,0.9792
347,mismatch,8.0327,5.0428,0.6278,3.019,2.7081,0.897
348,mismatch,5.8122,2.6394,0.4541,3.6475,2.1636,0.5932
349,match,3.8508,3.409,0.8853,3.4792,3.7233,1.0702
350,mismatch,7.2953,3.8599,0.5291,3.8595,2.9044,0.7525
351,mismatch,9.5178,3.9438,0.4144,3.2149,2.2689,0.7057
352,match,3.8134,2.4628,0.6458,8.4527,8.3201,0.9843
353,match,3.4207,3.839,1.1223,4.2213,4.7571,1.1269
354,mismatch,9.913,3.4863,0.3517,3.2909,2.2665,0.6887
355,mismatch,9.7067,3.7196,0.3832,2.9559,2.614,0.8843
356,match,4.8211,3.9828,0.8261,2.869,4.5491,1.5856
357,mismatch,6.6013,2.5227,0.3822,2.8779,1.9874,0.6906
358,mismatch,8.3813,5.0581,0.6035,3.075,2.9424,0.9569
359,mismatch,8.8367,4.9999,0.5658,2.8718,2.9652,1.0325
360,match,3.3241,2.3447,0.7054,6.9176,1.8318,0.2648
361,mismatch,7.0912,2.6731,0.377,2.8489,2.1637,0.7595
362,match,4.4794,3.6629,0.8177,6.3275,2.2863,0.3613
363,match,2.9577,2.5173,0.8511,4.4051,10.7405,2.4382
364,mismatch,8.4056,3.1703,0.3772,2.9419,2.5829,0.878
365,mismatch,6.0586,4.7138,0.778,3.0164,2.6484,0.878
366,mismatch,7.4355,4.3515,0.5852,2.8956,2.2018,0.7604
367,mismatch,6.8875,3.611,0.5243,3.0665,2.122,0.692
368,mismatch,8.7409,5.6041,0.6411,3.1873,3.4736,1.0898
369,mismatch,6.3869,6.7274,1.0533,2.7425,2.9791,1.0862
370,mismatch,8.0817,3.9815,0.4927,3.332,2.087,0.6263
371,mismatch,7.9511,5.2077,0.655,2.6943,2.7164,1.0082
372,mismatch,11.0924,9.6333,0.8685,3.1142,4.0335,1.2952
373,mismatch,9.1036,5.2808,0.5801,2.8683,3.0123,1.0502
374,match,4.5127,3.4111,0.7559,2.9164,3.8779,1.3297
375,mismatch,7.4278,5.2844,0.7114,3.0384,2.7874,0.9174
376,mismatch,7.8493,2.7377,0.3488,2.849,2.8475,0.9995
377,match,3.5146,4.4438,1.2644,2.9155,3.6718,1.2594
378,mismatch,8.059,3.7122,0.4606,3.1305,2.5237,0.8062
379,mismatch,7.6559,2.9393,0.3839,3.3463,2.1208,0.6338
380,mismatch,9.9379,3.9465,0.3971,3.0441,2.5374,0.8335
381,mismatch,9.7001,4.374,0.4509,3.268,2.4187,0.7401
382,mismatch,7.2925,3.6926,0.5064,2.6098,3.3729,1.2924
383,mismatch,9.3821,4.2991,0.4582,3.0502,2.0659,0.6773
384,mismatch,6.8983,3.6668,0.5316,2.5398,2.2785,0.8971
385,mismatch,9.1881,3.9012,0.4246,3.1099,2.4903,0.8008
386,mismatch,8.6254,3.8299,0.444,3.1376,2.6271,0.8373
387,mismatch,6.5029,2.3571,0.3625,2.7603,2.4005,0.8697
388,mismatch,7.7362,3.6045,0.4659,2.9756,2.9557,0.9933
389,match,4.1284,1.7908,0.4338,2.8451,2.8727,1.0097
390,mismatch,7.7808,3.7967,0.488,2.9834,2.6843,0.8997
391,mismatch,8.2936,3.8474,0.4639,2.7929,2.105,0.7537
392,mismatch,5.4921,4.4896,0.8175,2.9127,3.0992,1.064
393,match,4.1901,3.9423,0.9409,3.3034,4.5907,1.3897
394,match,4.1756,2.1997,0.5268,3.1119,2.5298,0.8129
395,match,3.6247,2.5884,0.7141,3.2742,13.6761,4.177
396,mismatch,6.0665,2.7103,0.4468,2.8305,1.9141,0.6762
397,mismatch,8.4076,4.4394,0.528,2.8577,2.3583,0.8252
398,match,3.5548,2.6713,0.7515,2.9343,4.3179,1.4715
399,mismatch,5.4985,5.2274,0.9507,3.0971,3.4499,1.1139
400,match,3.3241,2.3447,0.7054,6.9176,1.8318,0.2648
401,match,3.3652,2.4342,0.7233,7.8277,4.0956,0.5232
402,mismatch,8.3309,4.04,0.4849,2.9718,2.5258,0.8499
403,match,3.5548,2.6713,0.7515,2.9343,4.3179,1.4715
404,match,4.2764,4.5882,1.0729,2.7662,2.3046,0.8331
405,mismatch,8.1693,2.658,0.3254,2.9279,2.245,0.7668
406,mismatch,8.0611,4.7301,0.5868,2.9086,2.7718,0.9529
407,mismatch,7.431,2.6637,0.3585,2.78,2.1855,0.7862
408,match,3.4207,3.839,1.1223,4.2213,4.7571,1.1269
409,mismatch,6.7788,4.7355,0.6986,3.1135,2.8633,0.9196
410,match,4.8211,3.9828,0.8261,2.869,4.5491,1.5856
411,mismatch,8.638,5.5946,0.6477,3.1338,2.8183,0.8993
412,mismatch,8.4715,3.8323,0.4524,2.8765,2.2431,0.7798
413,mismatch,6.9793,3.5829,0.5134,2.9263,2.0748,0.709
414,mismatch,6.7032,3.9126,0.5837,2.9625,2.3097,0.7796
415,mismatch,4.0072,4.7104,1.1755,2.8292,3.3034,1.1676
416,match,4.5127,3.4111,0.7559,2.9164,3.8779,1.3297
417,match,4.5995,4.3125,0.9376,3.2065,4.8393,1.5092
418,mismatch,6.6666,3.0515,0.4577,2.7143,1.8167,0.6693
419,match,4.4904,2.7195,0.6056,2.9107,2.8253,0.9706
420,mismatch,3.9162,4.3814,1.1188,3.6648,2.9746,0.8117
421,match,3.4207,3.839,1.1223,4.2213,4.7571,1.1269
422,mismatch,8.6835,5.7646,0.6638,3.0933,3.3429,1.0807
423,mismatch,7.4887,3.6689,0.4899,3.2284,3.5876,1.1113
424,mismatch,8.0125,4.0329,0.5033,3.8493,2.673,0.6944
425,mismatch,6.1633,4.2055,0.6823,2.8685,2.0962,0.7308
426,mismatch,9.7692,3.9533,0.4047,3.216,2.2323,0.6941
427,match,3.8134,2.4628,0.6458,8.4527,8.3201,0.9843
428,mismatch,9.7554,3.3283,0.3412,3.1538,2.6753,0.8483
429,match,2.9577,2.5173,0.8511,4.4051,10.7405,2.4382
430,match,3.8134,2.4628,0.6458,8.4527,8.3201,0.9843
431,mismatch,7.2642,5.1206,0.7049,2.8259,5.7232,2.0253
432,mismatch,9.5019,5.7492,0.6051,2.9623,2.6687,0.9009
433,mismatch,9.9448,3.8201,0.3841,3.2373,2.5571,0.7899
434,match,5.3744,4.1483,0.7719,4.0958,3.7677,0.9199
435,match,3.5146,4.4438,1.2644,2.9155,3.6718,1.2594
436,mismatch,6.962,4.5795,0.6578,2.7739,2.4328,0.8771
437,match,4.1901,3.9423,0.9409,3.3034,4.5907,1.3897
438,mismatch,6.6387,3.2846,0.4948,2.8266,2.0053,0.7094
439,mismatch,7.637,3.5868,0.4697,2.6798,3.2171,1.2005
440,mismatch,6.3084,3.947,0.6257,2.7195,2.5952,0.9543
441,match,4.2243,3.1678,0.7499,3.0332,3.7979,1.2521
442,match,3.0222,2.9958,0.9913,6.512,3.6285,0.5572
443,mismatch,8.2307,3.1793,0.3863,3.1456,2.357,0.7493
444,mismatch,6.8247,2.828,0.4144,3.1023,2.7505,0.8866
445,mismatch,7.0169,4.1565,0.5924,2.8684,2.3258,0.8108
446,mismatch,6.6942,3.6695,0.5482,3.1288,2.7026,0.8638
447,mismatch,7.1799,4.7628,0.6634,3.1071,2.6903,0.8658
448,mismatch,8.0512,5.0185,0.6233,3.1274,2.5858,0.8268
449,mismatch,8.157,4.5755,0.5609,3.0453,2.7242,0.8946
450,mismatch,7.67,5.0344,0.6564,2.8628,2.9369,1.0259
451,match,4.1284,1.7908,0.4338,2.8451,2.8727,1.0097
452,mismatch,8.1866,5.485,0.67,2.825,2.8979,1.0258
453,mismatch,6.5353,4.2682,0.6531,3.1133,3.3999,1.092
454,match,4.1901,3.9423,0.9409,3.3034,4.5907,1.3897
455,mismatch,6.2744,3.1902,0.5084,2.7621,2.5169,0.9112
456,mismatch,8.9836,7.8273,0.8713,3.2061,4.1185,1.2846
457,mismatch,8.759,4.1272,0.4712,3.0339,2.6846,0.8849
458,mismatch,8.7048,5.5508,0.6377,2.9704,3.0264,1.0189
459,mismatch,8.1492,6.3777,0.7826,2.6726,2.6489,0.9911
460,mismatch,7.804,4.5661,0.5851,2.8929,2.6647,0.9211
461,mismatch,5.7364,4.3598,0.76,2.7412,2.9028,1.0589
462,mismatch,6.6624,6.3751,0.9569,2.8094,3.3555,1.1944
463,mismatch,8.1652,5.1719,0.6334,3.0476,2.565,0.8417
464,match,3.3259,2.3827,0.7164,3.1101,5.0833,1.6345
465,match,5.7432,4.0352,0.7026,3.0795,4.1793,1.3571
466,mismatch,6.3569,8.2195,1.293,2.7498,3.3838,1.2306
467,mismatch,6.8755,4.7245,0.6871,2.9278,2.5123,0.8581
468,match,4.64,4.0729,0.8778,2.9736,2.6305,0.8846
469,mismatch,7.6022,7.8782,1.0363,2.7537,3.1684,1.1506
470,mismatch,8.64,3.6233,0.4194,3.0803,2.6668,0.8658
471,mismatch,7.8364,3.8064,0.4857,2.9688,2.5212,0.8492
472,match,3.6247,2.5884,0.7141,3.2742,13.6761,4.177
473,match,4.871,5.1367,1.0545,2.9371,2.9542,1.0058
474,match,4.507,2.4905,0.5526,2.7067,10.4776,3.871
475,match,5.5796,5.5238,0.99,2.8615,8.212,2.8698
476,mismatch,8.5909,6.3917,0.744,2.8985,2.9482,1.0172
477,mismatch,7.8017,6.3147,0.8094,2.7416,2.9834,1.0882
478,mismatch,4.9528,3.5014,0.707,2.5951,2.1951,0.8459
479,mismatch,7.7554,3.8634,0.4982,2.9806,2.2235,0.746
480,mismatch,10.0095,4.7415,0.4737,3.9211,3.1275,0.7976
481,match,4.2243,3.1678,0.7499,3.0332,3.7979,1.2521
482,mismatch,9.0463,3.1889,0.3525,3.181,2.4766,0.7785
483,mismatch,7.1098,5.7875,0.814,2.7739,2.9013,1.0459
484,mismatch,8.2471,7.0822,0.8587,3.4064,2.7963,0.8209
485,match,4.2025,3.8072,0.9059,5.1375,2.3687,0.4611
486,mismatch,6.0105,5.4603,0.9085,2.7766,2.4233,0.8727
487,mismatch,10.0936,2.9472,0.292,3.7548,2.1461,0.5715
488,match,3.9479,4.5179,1.1444,3.3517,2.7552,0.822
489,match,4.4,2.9049,0.6602,2.8097,2.3432,0.834
490,mismatch,5.4589,2.5221,0.462,3.7629,2.1858,0.5809
491,mismatch,8.5685,3.3659,0.3928,2.9899,2.2042,0.7372
492,mismatch,9.1506,6.7511,0.7378,3.1568,3.3029,1.0463
493,match,4.2735,3.8329,0.8969,4.5435,2.5941,0.571
494,mismatch,8.3876,5.3873,0.6423,3.077,2.5861,0.8404
495,mismatch,9.2454,5.3018,0.5734,2.9588,2.7396,0.9259
496,match,4.1901,3.9423,0.9409,3.3034,4.5907,1.3897
497,mismatch,5.7539,3.2547,0.5656,2.6577,2.7869,1.0486
498,mismatch,8.526,7.0952,0.8322,3.1634,3.0556,0.9659
499,match,2.9577,2.5173,0.8511,4.4051,10.7405,2.4382
500,mismatch,7.5533,5.2728,0.6981,2.87,2.0773,0.7238
501,mismatch,7.0681,4.5098,0.6381,2.9108,2.1764,0.7477
502,mismatch,8.0817,3.6305,0.4492,3.8012,2.3206,0.6105
503,match,4.1284,1.7908,0.4338,2.8451,2.8727,1.0097
504,mismatch,7.8084,3.2989,0.4225,2.9137,2.4993,0.8578
505,mismatch,9.569,7.2719,0.7599,3.3537,3.4277,1.0221
506,mismatch,7.5725,5.8459,0.772,2.9742,3.2944,1.1077
507,match,3.6247,2.5884,0.7141,3.2742,13.6761,4.177
508,mismatch,5.2455,2.9555,0.5634,3.7352,1.9543,0.5232
509,mismatch,7.1003,3.052,0.4298,2.8732,3.203,1.1148
510,mismatch,8.9484,5.2716,0.5891,3.0486,2.7448,0.9004
511,mismatch,9.329,4.7963,0.5141,3.2132,2.7737,0.8632
512,mismatch,6.8528,5.5726,0.8132,3.1146,2.9681,0.953
513,mismatch,9.1826,3.567,0.3885,3.0737,2.3062,0.7503
514,mismatch,6.9072,4.5967,0.6655,2.7001,2.4241,0.8978
515,match,3.6247,2.5884,0.7141,3.2742,13.6761,4.177
516,mismatch,8.9905,5.0132,0.5576,2.7196,2.1225,0.7805
517,mismatch,7.0035,4.4561,0.6363,2.8827,2.7788,0.9639
518,mismatch,7.1146,2.8765,0.4043,2.9611,2.5815,0.8718
519,mismatch,7.2259,4.6952,0.6498,2.9939,3.3005,1.1024
520,mismatch,9.9046,3.301,0.3333,3.3189,2.9564,0.8908
521,mismatch,7.0419,4.2073,0.5975,2.9418,2.7597,0.9381
522,mismatch,7.3431,3.8757,0.5278,2.7578,2.789,1.0113
523,mismatch,10.9867,4.5386,0.4131,3.2516,2.6933,0.8283
524,match,3.6608,2.8159,0.7692,4.99,1.9638,0.3936
525,mismatch,7.6631,5.1255,0.6689,2.8968,2.8647,0.9889
526,mismatch,10.1623,4.5585,0.4486,3.1008,2.0314,0.6551
527,mismatch,8.7777,3.8983,0.4441,2.7918,3.1615,1.1324
528,mismatch,8.319,8.2123,0.9872,2.8449,4.6093,1.6202
529,mismatch,10.915,4.658,0.4268,3.0991,2.9381,0.948
530,mismatch,6.0209,3.3996,0.5646,2.6956,2.5521,0.9468
531,mismatch,9.0631,6.1801,0.6819,2.9937,2.9355,0.9805
532,match,3.6481,2.9736,0.8151,3.879,5.6601,1.4592
533,mismatch,7.4433,2.6852,0.3607,3.4958,2.1327,0.6101
534,mismatch,9.006,4.274,0.4746,3.3224,2.5808,0.7768
535,mismatch,8.048,5.0709,0.6301,3.003,2.6728,0.89
536,mismatch,6.1384,3.6491,0.5945,3.1199,2.2489,0.7208
537,mismatch,6.5308,2.1932,0.3358,2.9291,1.952,0.6664
538,match,5.7432,4.0352,0.7026,3.0795,4.1793,1.3571
539,mismatch,5.9715,4.5364,0.7597,3.45,3.0988,0.8982
540,match,4.1901,3.9423,0.9409,3.3034,4.5907,1.3897
541,mismatch,9.6205,4.7683,0.4956,2.9872,2.695,0.9022
542,mismatch,4.1014,3.4328,0.837,2.9577,2.4786,0.838
543,mismatch,7.9272,5.079,0.6407,3.1492,3.0277,0.9614
544,mismatch,8.4128,4.1532,0.4937,3.0643,3.0809,1.0054
545,mismatch,8.857,3.7875,0.4276,3.1106,2.3062,0.7414
546,mismatch,9.3871,5.1127,0.5446,3.2053,2.9972,0.9351
547,mismatch,9.4351,4.5705,0.4844,3.4041,3.5263,1.0359
548,mismatch,11.7769,4.8458,0.4115,4.4802,2.4426,0.5452
549,mismatch,6.522,4.5691,0.7006,2.8856,2.5281,0.8761
550,mismatch,6.101,3.9788,0.6522,2.8443,2.4943,0.877
551,match,4.4,2.9049,0.6602,2.8097,2.3432,0.834
552,match,3.6481,2.9736,0.8151,3.879,5.6601,1.4592
553,mismatch,8.3137,5.0835,0.6115,2.5718,2.6493,1.0301
554,mismatch,7.3064,2.926,0.4005,3.0779,2.5156,0.8173
555,mismatch,7.5463,5.4053,0.7163,2.8927,2.3195,0.8018
556,mismatch,6.5549,3.7863,0.5776,2.9324,2.5835,0.881
557,match,3.8508,3.409,0.8853,3.4792,3.7233,1.0702
558,mismatch,8.8773,6.3707,0.7176,2.9489,2.8173,0.9554
559,mismatch,8.8598,4.8629,0.5489,2.9994,3.0484,1.0163
560,mismatch,8.6598,7.5396,0.8706,2.9646,3.9178,1.3215
561,mismatch,8.169,8.733,1.069,2.7821,3.6923,1.3271
562,match,3.4207,3.839,1.1223,4.2213,4.7571,1.1269
563,mismatch,7.708,7.8704,1.0211,2.404,3.4767,1.4462
564,mismatch,8.1378,5.2655,0.647,2.7969,2.9593,1.0581
565,mismatch,8.2771,3.5047,0.4234,2.8198,2.3827,0.845
566,mismatch,6.2566,4.1274,0.6597,3.5927,2.5043,0.6971
567,mismatch,5.6925,2.5834,0.4538,2.7659,2.5336,0.916
568,mismatch,7.0283,4.5327,0.6449,2.4018,2.7326,1.1377
569,match,5.2344,5.5112,1.0529,2.7153,3.9413,1.4515
570,mismatch,8.165,3.599,0.4408,2.9344,3.2699,1.1143
571,mismatch,9.7628,5.0655,0.5189,3.0184,2.8811,0.9545
572,mismatch,6.5628,3.3712,0.5137,2.7624,2.5627,0.9277
573,mismatch,7.9715,3.8718,0.4857,2.8615,2.7054,0.9454
574,mismatch,5.8254,3.903,0.67,2.831,2.2036,0.7784
575,mismatch,9.395,5.1039,0.5433,2.9534,2.3143,0.7836
576,match,3.3823,4.5417,1.3428,2.866,2.695,0.9404
577,mismatch,7.9902,4.0414,0.5058,3.0323,2.7569,0.9092
578,match,3.8134,2.4628,0.6458,8.4527,8.3201,0.9843
579,mismatch,6.8325,4.3408,0.6353,2.7295,2.4081,0.8822
580,mismatch,7.6142,5.2942,0.6953,2.89,2.5822,0.8935
581,mismatch,8.4689,3.5848,0.4233,2.9869,2.1182,0.7092
582,mismatch,7.9209,6.036,0.762,3.0772,3.4157,1.11
583,mismatch,8.9788,2.8977,0.3227,3.0105,2.5229,0.838
584,mismatch,9.1727,5.2574,0.5732,2.9449,3.1587,1.0726
585,mismatch,7.8269,5.8268,0.7445,3.3758,3.257,0.9648
586,match,3.8486,2.7749,0.721,2.7742,2.6758,0.9645
587,mismatch,6.1312,2.6919,0.439,2.5894,2.4444,0.944
588,mismatch,5.946,4.1636,0.7002,3.1042,3.0856,0.994
589,mismatch,6.1787,4.4467,0.7197,2.9015,2.2956,0.7912
590,mismatch,6.3076,5.2444,0.8314,3.0472,2.3901,0.7844
591,match,3.0222,2.9958,0.9913,6.512,3.6285,0.5572
592,mismatch,9.7908,3.9758,0.4061,3.2135,2.2285,0.6935
593,mismatch,7.6283,2.7362,0.3587,2.793,2.3388,0.8374
594,mismatch,11.0057,3.6028,0.3274,3.0793,3.068,0.9963
595,mismatch,7.8346,2.8116,0.3589,3.1949,2.6354,0.8249
596,mismatch,8.4652,4.6207,0.5458,2.6645,2.083,0.7818
597,mismatch,7.3271,4.9546,0.6762,2.9978,2.1103,0.7039
598,mismatch,6.7621,4.7221,0.6983,2.7785,2.5884,0.9316
599,mismatch,13.2119,4.5364,0.3434,5.1252,2.0098,0.3921
600,match,3.9362,2.9211,0.7421,3.4683,2.2905,0.6604
601,mismatch,7.7073,3.8144,0.4949,3.0443,2.209,0.7256
602,match,5.3744,4.1483,0.7719,4.0958,3.7677,0.9199
603,mismatch,7.8141,3.8355,0.4908,2.8827,2.0073,0.6963
604,mismatch,8.9342,5.6728,0.635,2.8475,2.7212,0.9556
605,mismatch,8.8158,6.3639,0.7219,3.2619,3.003,0.9206
606,mismatch,5.6798,5.9064,1.0399,2.7957,3.012,1.0774
607,match,4.8211,3.9828,0.8261,2.869,4.5491,1.5856
608,mismatch,9.3798,3.7179,0.3964,3.3196,2.3374,0.7041
609,mismatch,7.5043,5.2888,0.7048,2.7477,3.2399,1.1791
610,mismatch,9.1496,7.3425,0.8025,3.0036,3.2317,1.0759
611,mismatch,7.3437,4.2595,0.58,2.9825,2.7391,0.9184
612,mismatch,8.1874,5.1959,0.6346,2.8831,2.4473,0.8488
613,mismatch,8.721,2.5235,0.2894,3.07,2.3596,0.7686
614,mismatch,8.9033,4.1781,0.4693,2.9617,3.0329,1.0241
615,mismatch,8.4226,4.0413,0.4798,3.0745,2.5437,0.8273
616,mismatch,9.1256,6.8891,0.7549,3.6267,3.2657,0.9005
617,mismatch,6.4774,3.5328,0.5454,2.6487,3.7137,1.4021
618,mismatch,10.3749,6.2341,0.6009,3.3544,2.6568,0.792
619,match,3.9479,4.5179,1.1444,3.3517,2.7552,0.822
620,mismatch,6.8453,3.4444,0.5032,2.983,2.3352,0.7828
621,mismatch,8.9309,4.4777,0.5014,3.0711,3.0373,0.989
622,mismatch,9.7699,3.8319,0.3922,3.022,2.57,0.8504
623,match,4.507,2.4905,0.5526,2.7067,10.4776,3.871
624,mismatch,8.8645,4.6929,0.5294,2.951,2.0548,0.6963
625,mismatch,10.8133,2.6069,0.2411,3.1718,2.3403,0.7379
626,mismatch,9.7305,4.5748,0.4702,3.2029,3.5601,1.1115
627,mismatch,7.0612,3.6903,0.5226,2.8899,1.9509,0.6751
628,mismatch,6.04,3.2387,0.5362,2.7616,2.8766,1.0416
629,match,4.4904,2.7195,0.6056,2.9107,2.8253,0.9706
630,mismatch,9.4933,6.122,0.6449,3.1038,2.8791,0.9276
631,mismatch,6.394,2.9579,0.4626,2.988,2.4888,0.8329
632,mismatch,7.7368,4.4029,0.5691,3.133,2.5776,0.8227
633,match,3.8508,3.409,0.8853,3.4792,3.7233,1.0702
634,mismatch,8.4005,4.144,0.4933,2.8488,3.0624,1.075
635,match,3.1528,5.2521,1.6658,3.5502,23.8005,6.7039
636,mismatch,8.2512,4.4139,0.5349,2.8762,2.5488,0.8862
637,match,3.5548,2.6713,0.7515,2.9343,4.3179,1.4715
638,match,3.3259,2.3827,0.7164,3.1101,5.0833,1.6345
639,mismatch,9.0014,4.6092,0.5121,2.9373,3.2924,1.1209
640,match,2.9577,2.5173,0.8511,4.4051,10.7405,2.4382
641,mismatch,9.9031,9.2606,0.9351,3.1657,3.7212,1.1755
642,mismatch,7.03,3.4124,0.4854,2.8601,2.1323,0.7455
643,mismatch,9.81,8.809,0.898,3.0162,3.275,1.0858
644,mismatch,7.4511,3.4182,0.4588,3.0533,1.9841,0.6498
645,match,3.4207,3.839,1.1223,4.2213,4.7571,1.1269
646,mismatch,6.2103,4.2113,0.6781,3.0673,3.3102,1.0792
647,mismatch,5.7739,2.2027,0.3815,2.7133,2.9542,1.0888
648,mismatch,5.5518,2.2407,0.4036,3.6837,2.243,0.6089
649,match,4.0483,3.3079,0.8171,4.6742,2.2457,0.4804
650,match,4.1756,2.1997,0.5268,3.1119,2.5298,0.8129
651,match,3.7534,5.7543,1.5331,2.9316,2.6051,0.8886
652,mismatch,8.7717,4.1129,0.4689,2.8984,2.3201,0.8005
653,mismatch,8.2071,4.097,0.4992,2.8759,2.3804,0.8277
654,mismatch,8.4833,3.9898,0.4703,2.9704,3.2743,1.1023
655,mismatch,8.1059,5.3893,0.6649,2.8901,2.9578,1.0234
656,mismatch,9.532,2.5855,0.2712,3.9877,3.4504,0.8653
657,match,4.2764,4.5882,1.0729,2.7662,2.3046,0.8331
658,mismatch,7.9342,4.481,0.5648,3.1514,2.6108,0.8285
659,mismatch,9.32,4.9167,0.5275,3.2428,2.9756,0.9176
660,match,3.1733,2.4908,0.7849,3.9078,1.9291,0.4937
661,mismatch,8.3608,6.2688,0.7498,2.7146,2.5133,0.9259
662,mismatch,8.5517,2.7479,0.3213,2.8097,2.2003,0.7831
663,mismatch,8.758,4.0471,0.4621,2.9786,3.3746,1.133
664,mismatch,6.8667,3.6472,0.5311,2.8851,2.8673,0.9938
665,mismatch,7.8709,4.3681,0.555,2.856,2.3962,0.839
666,mismatch,7.8634,5.6162,0.7142,2.9049,2.7107,0.9331
667,mismatch,7.4642,3.3205,0.4449,2.9906,3.577,1.1961
668,mismatch,8.3822,4.9233,0.5873,2.8303,2.3308,0.8235
669,mismatch,6.2182,4.7129,0.7579,2.7105,2.4602,0.9077
670,mismatch,7.6296,4.1931,0.5496,3.2872,2.7269,0.8295
671,mismatch,8.564,6.2007,0.724,3.1458,3.0712,0.9763
672,mismatch,9.9506,2.922,0.2936,3.238,1.7856,0.5514
673,match,4.1901,3.9423,0.9409,3.3034,4.5907,1.3897
674,mismatch,7.1262,3.1689,0.4447,2.6578,2.3995,0.9028
675,mismatch,8.8934,5.3907,0.6062,2.6878,2.5702,0.9562
676,mismatch,7.1833,4.6368,0.6455,2.9463,2.8037,0.9516
677,match,4.4904,2.7195,0.6056,2.9107,2.8253,0.9706
678,mismatch,8.8866,3.4148,0.3843,3.3066,2.8839,0.8721
679,match,3.1528,5.2521,1.6658,3.5502,23.8005,6.7039
680,mismatch,7.8893,4.4664,0.5661,2.8801,2.3443,0.8139
681,match,3.3241,2.3447,0.7054,6.9176,1.8318,0.2648
682,mismatch,6.8521,5.3731,0.7842,2.9784,2.4624,0.8267
683,mismatch,8.838,4.2755,0.4838,3.19,3.1563,0.9894
684,match,4.1756,2.1997,0.5268,3.1119,2.5298,0.8129
685,mismatch,7.628,4.2964,0.5632,2.9268,2.3979,0.8193
686,mismatch,10.3025,3.7511,0.3641,2.9423,2.6272,0.8929
687,mismatch,9.791,5.036,0.5144,3.0522,2.524,0.8269
688,mismatch,8.2279,4.6914,0.5702,2.9274,2.5172,0.8599
689,mismatch,7.8618,4.2966,0.5465,2.8465,2.5813,0.9068
690,mismatch,7.0276,6.3159,0.8987,2.9432,4.0968,1.392
691,match,4.4904,2.7195,0.6056,2.9107,2.8253,0.9706
692,mismatch,6.419,4.2494,0.662,2.9187,3.3907,1.1617
693,match,3.1528,5.2521,1.6658,3.5502,23.8005,6.7039
694,mismatch,8.0111,3.5684,0.4454,3.7512,2.2062,0.5881
695,mismatch,9.5936,5.524,0.5758,3.0271,3.055,1.0092
696,mismatch,8.8209,2.9755,0.3373,2.998,2.3923,0.798
697,match,3.3241,2.3447,0.7054,6.9176,1.8318,0.2648
698,mismatch,9.6525,7.8794,0.8163,3.056,3.7049,1.2123
699,match,3.3652,2.4342,0.7233,7.8277,4.0956,0.5232
700,match,4.507,2.4905,0.5526,2.7067,10.4776,3.871
701,mismatch,11.1397,3.0834,0.2768,3.0432,2.7398,0.9003
702,match,3.1528,5.2521,1.6658,3.5502,23.8005,6.7039
703,mismatch,6.9133,2.6723,0.3865,2.8932,2.3123,0.7992
704,mismatch,7.8554,4.8437,0.6166,2.8128,2.169,0.7711
705,mismatch,8.9274,4.3837,0.491,2.9036,2.5057,0.863
706,match,4.3238,2.8662,0.6629,2.9011,2.4011,0.8276
707,match,4.3238,2.8662,0.6629,2.9011,2.4011,0.8276
708,mismatch,10.0262,3.6499,0.364,3.073,2.3733,0.7723
709,match,3.9479,4.5179,1.1444,3.3517,2.7552,0.822
710,mismatch,7.1299,3.5984,0.5047,2.9397,2.435,0.8283
711,mismatch,6.0113,4.4617,0.7422,3.4925,3.0481,0.8727
712,mismatch,6.5255,2.8793,0.4412,2.8052,2.0342,0.7251
713,mismatch,8.1041,4.5678,0.5636,3.0155,2.3528,0.7802
714,mismatch,7.9173,2.6177,0.3306,2.9224,2.2563,0.772
715,mismatch,9.817,5.2186,0.5316,2.9987,2.5621,0.8544
716,mismatch,9.3132,5.8633,0.6296,3.0164,3.1579,1.0469
717,mismatch,4.9177,3.3253,0.6762,2.9362,3.0219,1.0292
718,mismatch,7.7173,4.4432,0.5757,3.1055,2.6387,0.8497
719,match,4.7831,2.1848,0.4568,2.8101,8.7779,3.1237
720,mismatch,8.4752,5.6474,0.6663,2.9358,2.9979,1.0211
721,mismatch,8.9478,3.4515,0.3857,3.148,2.8455,0.9039
722,match,3.5986,3.8425,1.0678,3.0758,2.6935,0.8757
723,mismatch,6.6901,4.3711,0.6534,2.9743,2.4118,0.8109
724,mismatch,8.0904,4.6027,0.5689,2.9109,2.7508,0.945
725,mismatch,9.3913,4.5966,0.4895,3.0933,2.4967,0.8071
726,mismatch,9.6134,4.8999,0.5097,2.9563,2.6656,0.9016
727,mismatch,7.9479,3.4095,0.429,3.0866,2.9195,0.9459
728,mismatch,10.2821,5.4703,0.532,3.1835,2.8081,0.8821
729,match,4.1756,2.1997,0.5268,3.1119,2.5298,0.8129
730,mismatch,7.7737,4.9247,0.6335,2.9023,3.0542,1.0523
731,mismatch,6.7105,5.5746,0.8307,2.9064,3.3298,1.1457
732,mismatch,6.2838,4.3069,0.6854,2.6745,2.6626,0.9956
733,mismatch,8.603,5.7336,0.6665,3.0008,2.9363,0.9785
734,mismatch,9.021,2.469,0.2737,3.4558,2.0616,0.5966
735,mismatch,5.564,5.1774,0.9305,2.8741,3.2816,1.1418
736,mismatch,7.968,5.2036,0.6531,2.8995,3.4934,1.2048
737,mismatch,7.1525,5.5106,0.7704,2.8958,2.5788,0.8905
738,mismatch,9.0773,4.7969,0.5285,2.9844,5.4452,1.8246
739,mismatch,9.1859,4.9888,0.5431,2.9519,2.5318,0.8577
740,match,4.8211,3.9828,0.8261,2.869,4.5491,1.5856
741,mismatch,5.5024,7.9613,1.4469,2.7829,3.5503,1.2758
742,mismatch,7.4118,6.1294,0.827,3.1132,3.0612,0.9833
743,mismatch,7.8698,6.1875,0.7862,2.9488,3.4351,1.1649
744,mismatch,7.1826,5.4203,0.7546,2.5706,2.3779,0.925
745,mismatch,9.2455,3.8882,0.4206,2.9106,3.112,1.0692
746,match,4.507,2.4905,0.5526,2.7067,10.4776,3.871
747,mismatch,4.7653,4.0496,0.8498,2.8374,4.365,1.5384
748,mismatch,8.8444,4.7022,0.5317,2.8669,2.4888,0.8681
749,match,4.2735,3.8329,0.8969,4.5435,2.5941,0.571
750,mismatch,8.726,4.7044,0.5391,2.7843,3.2327,1.161
751,match,4.2243,3.1678,0.7499,3.0332,3.7979,1.2521
752,mismatch,6.7367,4.1033,0.6091,2.8195,2.2246,0.789
753,match,4.5127,3.4111,0.7559,2.9164,3.8779,1.3297
754,mismatch,8.7247,4.19,0.4802,3.0715,2.509,0.8168
755,mismatch,9.4295,3.4918,0.3703,2.9487,2.4705,0.8378
756,mismatch,6.0895,4.8597,0.798,2.9434,2.4865,0.8448
757,mismatch,6.3052,3.8487,0.6104,2.7982,3.0996,1.1077
758,mismatch,7.5076,4.2066,0.5603,2.9263,2.5234,0.8623
759,mismatch,8.0125,4.0329,0.5033,3.8493,2.673,0.6944
760,match,3.5146,4.4438,1.2644,2.9155,3.6718,1.2594
761,mismatch,7.3473,3.6938,0.5027,2.9627,2.6397,0.891
762,mismatch,7.8057,3.2769,0.4198,2.8933,2.0739,0.7168
763,mismatch,9.3873,3.3169,0.3533,2.9709,1.964,0.6611
764,mismatch,4.4112,3.0069,0.6816,2.7718,2.5133,0.9067
765,mismatch,8.1553,5.8335,0.7153,3.0449,3.1722,1.0418
766,mismatch,8.1731,2.529,0.3094,3.1331,2.6073,0.8322
767,mismatch,8.1214,5.8181,0.7164,3.0817,2.5152,0.8162
768,mismatch,8.0055,4.3505,0.5434,3.1047,3.0343,0.9773
769,mismatch,5.7076,4.8546,0.8506,3.1202,3.1892,1.0221
770,mismatch,5.0407,4.4688,0.8866,2.7872,2.8258,1.0139
771,match,4.7254,3.932,0.8321,3.3846,2.4238,0.7161
772,mismatch,4.995,3.6518,0.7311,2.9154,2.3635,0.8107
773,mismatch,9.2134,5.8125,0.6309,2.859,2.7418,0.959
774,match,3.7534,5.7543,1.5331,2.9316,2.6051,0.8886
775,mismatch,7.664,5.3214,0.6943,2.6405,2.6948,1.0206
776,mismatch,8.7257,3.6584,0.4193,2.9312,2.6118,0.891
777,mismatch,9.0781,3.3218,0.3659,3.0639,2.075,0.6772
778,mismatch,9.0916,5.5992,0.6159,2.7092,2.3433,0.865
779,mismatch,9.6082,6.7426,0.7018,2.8957,2.6457,0.9137
780,mismatch,9.6834,7.6533,0.7904,3.0444,2.8966,0.9514
781,mismatch,12.0026,4.0345,0.3361,3.2365,2.3493,0.7259
782,mismatch,6.9492,6.0146,0.8655,2.6605,2.3934,0.8996
783,mismatch,7.6038,2.9973,0.3942,3.7734,2.1243,0.563
784,mismatch,8.5756,6.2831,0.7327,2.9269,2.6448,0.9036
785,mismatch,8.7575,1.9261,0.2199,2.9529,2.4246,0.8211
786,mismatch,6.8634,2.3886,0.348,2.626,1.9038,0.725
787,match,4.5995,4.3125,0.9376,3.2065,4.8393,1.5092
788,match,3.8486,2.7749,0.721,2.7742,2.6758,0.9645
789,mismatch,8.5157,6.0619,0.7119,3.0279,3.0735,1.0151
790,mismatch,7.9639,3.4547,0.4338,2.8339,2.5889,0.9135
791,match,3.453,4.1164,1.1921,3.2601,2.4454,0.7501
792,match,4.507,2.4905,0.5526,2.7067,10.4776,3.871
793,match,4.2974,2.5007,0.5819,3.4086,2.4582,0.7212
794,mismatch,8.7167,6.5716,0.7539,3.2597,2.9065,0.8917
795,match,3.997,4.6568,1.1651,2.8679,4.0962,1.4283
796,mismatch,8.272,3.6039,0.4357,3.0339,2.1517,0.7092
797,mismatch,6.5175,6.3023,0.967,2.7774,3.213,1.1568
798,match,5.3441,2.5412,0.4755,2.7146,2.7438,1.0107
799,mismatch,8.4849,3.7237,0.4389,3.0872,2.1884,0.7089
800,mismatch,6.68,2.7327,0.4091,2.8686,2.2538,0.7857
801,match,3.3652,2.4342,0.7233,7.8277,4.0956,0.5232
802,mismatch,8.7138,7.9515,0.9125,2.9933,3.2727,1.0934
803,mismatch,8.4543,6.9372,0.8206,3.057,3.1978,1.0461
804,match,3.7534,5.7543,1.5331,2.9316,2.6051,0.8886
805,match,4.2025,3.8072,0.9059,5.1375,2.3687,0.4611
806,mismatch,8.1821,4.1925,0.5124,3.287,3.2679,0.9942
807,mismatch,7.0279,3.8087,0.5419,2.9106,2.7457,0.9433
808,mismatch,7.9142,2.2687,0.2867,2.8365,2.3863,0.8413
809,mismatch,7.4033,5.614,0.7583,2.988,3.1251,1.0459
810,mismatch,8.4547,3.753,0.4439,3.0643,2.8479,0.9294
811,mismatch,5.4466,2.3205,0.4261,3.815,2.4389,0.6393
812,mismatch,9.2742,3.6241,0.3908,2.999,2.3586,0.7865
813,mismatch,8.331,3.9676,0.4762,3.1537,2.7811,0.8818
814,mismatch,7.9546,4.1565,0.5225,2.8754,3.5782,1.2444
815,mismatch,7.2177,4.7685,0.6607,2.9162,3.0587,1.0489
816,mismatch,9.6168,5.411,0.5627,3.1431,3.1726,1.0094
817,mismatch,10.8648,4.2013,0.3867,4.2465,2.8575,0.6729
818,mismatch,6.6064,3.5211,0.533,2.8034,2.6612,0.9493
819,match,3.6481,2.9736,0.8151,3.879,5.6601,1.4592
820,mismatch,10.8727,7.3976,0.6804,2.9871,2.6256,0.879
821,mismatch,7.5868,3.8082,0.502,3.0063,2.3276,0.7743
822,mismatch,6.6099,3.8582,0.5837,2.9593,2.4024,0.8118
823,mismatch,7.4443,4.804,0.6453,2.809,2.9502,1.0502
824,mismatch,9.7111,5.1955,0.535,3.0583,3.0109,0.9845
825,mismatch,4.6423,2.6202,0.5644,3.4088,2.0884,0.6126
826,match,4.2025,3.8072,0.9059,5.1375,2.3687,0.4611
827,mismatch,6.3333,3.5734,0.5642,2.8486,3.7912,1.3309
828,mismatch,8.2799,2.7748,0.3351,2.976,2.3457,0.7882
829,mismatch,8.9404,6.5812,0.7361,3.7416,2.5854,0.691
830,mismatch,9.1537,4.8866,0.5338,2.8429,2.5665,0.9028
831,mismatch,6.4138,3.9314,0.613,3.1255,3.892,1.2453
832,mismatch,10.3255,4.3679,0.423,2.9417,2.1656,0.7361
833,match,3.5548,2.6713,0.7515,2.9343,4.3179,1.4715
834,mismatch,4.8091,3.2197,0.6695,2.8086,2.16,0.7691
835,mismatch,6.896,5.9412,0.8615,2.5503,3.0752,1.2058
836,match,5.3343,3.8156,0.7153,2.84,2.6419,0.9303
837,mismatch,8.3486,3.4695,0.4156,3.1318,3.3513,1.0701
838,match,4.7831,2.1848,0.4568,2.8101,8.7779,3.1237
839,mismatch,8.2293,4.6452,0.5645,2.838,2.4793,0.8736
840,mismatch,10.3985,5.8398,0.5616,3.1718,2.759,0.8699
841,mismatch,6.8185,3.2013,0.4695,3.617,2.5133,0.6948
842,match,4.1539,2.8643,0.6896,3.1731,2.1752,0.6855
843,mismatch,10.6273,4.0465,0.3808,3.7662,2.452,0.6511
844,mismatch,6.8713,4.0488,0.5892,2.8876,2.4862,0.861
845,match,5.5796,5.5238,0.99,2.8615,8.212,2.8698
846,mismatch,6.7358,7.5357,1.1188,2.6903,3.0295,1.1261
847,mismatch,7.1065,8.1422,1.1457,2.9973,3.5634,1.1889
848,mismatch,10.1079,8.4045,0.8315,3.157,3.4779,1.1017
849,mismatch,7.5876,5.6666,0.7468,2.9135,3.2725,1.1232
850,mismatch,8.6447,2.8937,0.3347,2.8562,2.7016,0.9459
851,mismatch,7.5101,4.9615,0.6606,2.9641,2.843,0.9592
852,mismatch,8.9583,4.2406,0.4734,3.2693,2.4029,0.735
853,mismatch,10.4625,3.5728,0.3415,3.2099,2.5995,0.8098
854,mismatch,8.7258,5.0632,0.5803,2.9642,2.7297,0.9209
855,mismatch,9.002,5.3247,0.5915,2.8214,2.2847,0.8098
856,mismatch,6.7602,7.6604,1.1332,2.9344,4.1903,1.428
857,mismatch,7.2356,5.368,0.7419,2.6574,2.5495,0.9594
858,mismatch,7.655,3.5254,0.4605,3.0899,2.1883,0.7082
859,mismatch,9.3052,6.1034,0.6559,3.0489,2.8271,0.9272
860,match,5.3343,3.8156,0.7153,2.84,2.6419,0.9303
861,mismatch,7.9867,5.8931,0.7379,3.011,2.8441,0.9446
862,mismatch,8.0964,4.9595,0.6126,2.7118,2.8041,1.034
863,match,4.64,4.0729,0.8778,2.9736,2.6305,0.8846
864,mismatch,5.3529,4.3748,0.8173,2.9253,3.9889,1.3636
865,mismatch,9.4438,3.7907,0.4014,3.1346,2.2928,0.7314
866,mismatch,8.8402,5.2447,0.5933,2.7711,2.4007,0.8663
867,mismatch,7.8448,2.8801,0.3671,3.1562,2.7814,0.8813
868,mismatch,7.5779,4.5511,0.6006,3.148,2.6049,0.8275
869,mismatch,10.1725,4.9293,0.4846,2.9231,2.5628,0.8767
870,match,6.3236,3.938,0.6227,2.6231,5.1289,1.9553
871,mismatch,7.4922,5.6809,0.7582,2.9914,2.8562,0.9548
872,mismatch,8.755,3.4924,0.3989,3.7743,2.1321,0.5649
873,mismatch,8.9009,4.1251,0.4634,3.1951,2.5427,0.7958
874,mismatch,7.8544,6.4308,0.8188,3.1162,2.7041,0.8677
875,mismatch,5.502,3.0309,0.5509,2.9628,3.8659,1.3048
876,mismatch,6.3569,8.2195,1.293,2.7498,3.3838,1.2306
877,match,4.7831,2.1848,0.4568,2.8101,8.7779,3.1237
878,match,4.1756,2.1997,0.5268,3.1119,2.5298,0.8129
879,mismatch,8.0734,4.6845,0.5802,3.0113,2.3049,0.7654
880,mismatch,8.6523,5.8504,0.6762,3.511,3.4945,0.9953
881,mismatch,9.3448,6.2499,0.6688,3.1134,2.8473,0.9145
882,mismatch,8.5736,7.5383,0.8792,2.9638,2.7413,0.9249
883,mismatch,6.7621,4.7221,0.6983,2.7785,2.5884,0.9316
884,match,6.3236,3.938,0.6227,2.6231,5.1289,1.9553
885,match,6.3236,3.938,0.6227,2.6231,5.1289,1.9553
886,mismatch,7.0394,3.117,0.4428,3.1659,2.5854,0.8166
887,mismatch,7.6296,4.1931,0.5496,3.2872,2.7269,0.8295
888,match,3.0569,3.7512,1.2271,3.6488,2.7472,0.7529
889,mismatch,9.0177,3.692,0.4094,3.1318,2.6737,0.8537
890,mismatch,7.9467,4.6657,0.5871,2.8724,2.6195,0.9119
891,mismatch,8.3472,2.9394,0.3521,2.8838,3.3396,1.1581
892,mismatch,8.7441,4.5118,0.516,2.8716,2.7157,0.9457
893,mismatch,9.4639,7.9,0.8348,3.4628,3.7863,1.0934
894,mismatch,7.2388,3.2847,0.4538,2.9654,2.9055,0.9798
895,mismatch,8.7247,4.19,0.4802,3.0715,2.509,0.8168
896,mismatch,6.5569,4.6569,0.7102,3.203,2.5861,0.8074
897,mismatch,5.9259,4.5319,0.7648,3.3089,2.7139,0.8202
898,mismatch,7.6157,2.7987,0.3675,2.9362,2.2197,0.756
899,mismatch,7.8159,3.9286,0.5026,3.0564,3.0627,1.002
900,mismatch,7.6779,4.5531,0.593,2.8332,2.4918,0.8795
901,match,4.5127,3.7459,0.8301,2.7329,3.4144,1.2494
902,mismatch,9.0402,4.9194,0.5442,2.981,3.0381,1.0192
903,mismatch,7.1235,5.0311,0.7063,2.9254,2.7694,0.9467
904,mismatch,7.2809,3.0221,0.4151,2.7257,2.5237,0.9259
905,mismatch,7.0448,2.715,0.3854,2.8841,2.1481,0.7448
906,mismatch,7.189,3.9778,0.5533,2.8743,2.5716,0.8947
907,match,4.4,2.9049,0.6602,2.8097,2.3432,0.834
908,mismatch,8.388,5.6008,0.6677,3.0235,2.5741,0.8514
909,mismatch,9.6125,7.3121,0.7607,2.5983,2.8614,1.1013
910,mismatch,6.846,3.3322,0.4867,2.9157,2.3218,0.7963
911,match,3.5548,2.6713,0.7515,2.9343,4.3179,1.4715
912,mismatch,6.4341,5.6212,0.8737,2.9976,3.0596,1.0207
913,mismatch,8.1454,3.8005,0.4666,2.8005,2.8217,1.0076
914,match,4.2243,3.1678,0.7499,3.0332,3.7979,1.2521
915,mismatch,4.5693,4.8522,1.0619,2.9153,2.6625,0.9133
916,mismatch,8.8808,3.6393,0.4098,2.9823,4.0001,1.3413
917,mismatch,8.2201,4.6635,0.5673,3.2487,2.995,0.9219
918,mismatch,7.8543,5.542,0.7056,2.8767,2.3541,0.8183
919,mismatch,9.9454,6.385,0.642,3.0528,2.8038,0.9185
920,mismatch,8.2057,5.0438,0.6147,2.7803,2.5554,0.9191
921,match,5.3343,3.8156,0.7153,2.84,2.6419,0.9303
922,match,3.8508,3.409,0.8853,3.4792,3.7233,1.0702
923,mismatch,8.8475,3.7645,0.4255,3.0393,2.7308,0.8985
924,match,3.6985,4.4067,1.1915,3.0711,2.9623,0.9646
925,mismatch,6.6945,4.1866,0.6254,3.1144,2.9923,0.9608
926,mismatch,8.7875,4.3824,0.4987,3.3034,2.506,0.7586
927,match,4.5127,3.7459,0.8301,2.7329,3.4144,1.2494
928,mismatch,8.373,4.0219,0.4803,3.5766,2.3273,0.6507
929,mismatch,6.9893,4.5754,0.6546,2.9296,2.5133,0.8579
930,match,3.8134,2.4628,0.6458,8.4527,8.3201,0.9843
931,mismatch,8.9427,3.6806,0.4116,3.1162,4.7857,1.5357
932,mismatch,7.6279,4.5933,0.6022,2.8739,3.0492,1.061
933,match,5.2771,3.129,0.5929,2.9165,1.9849,0.6806
934,mismatch,3.6887,4.6445,1.2591,3.4221,2.3917,0.6989
935,mismatch,7.5075,5.664,0.7545,3.0528,3.1701,1.0384
936,mismatch,8.0356,4.5281,0.5635,2.9398,2.5026,0.8513
937,match,3.6393,3.5243,0.9684,3.824,3.3211,0.8685
938,mismatch,10.742,5.489,0.511,3.1659,2.1404,0.6761
939,mismatch,8.533,7.4494,0.873,3.1019,3.2294,1.0411
940,match,3.997,4.6568,1.1651,2.8679,4.0962,1.4283
941,mismatch,6.5081,6.044,0.9287,2.9408,3.6967,1.2571
942,mismatch,7.5922,5.2338,0.6894,2.8184,3.0163,1.0702
943,mismatch,6.3077,3.4616,0.5488,2.9861,2.4032,0.8048
944,mismatch,9.3067,4.9343,0.5302,2.8974,3.3699,1.1631
945,mismatch,8.56,4.6476,0.5429,3.1375,2.16,0.6884
946,mismatch,7.1445,3.6468,0.5104,2.8999,3.6326,1.2526
947,mismatch,9.4359,3.0863,0.3271,2.9578,2.2936,0.7754
948,mismatch,9.3513,5.3676,0.574,3.131,3.8877,1.2417
949,mismatch,9.3625,6.6105,0.7061,2.9761,2.5834,0.868
950,mismatch,6.7356,4.3479,0.6455,2.9153,2.3635,0.8107
951,mismatch,6.4662,6.1594,0.9525,2.7763,2.8304,1.0195
952,mismatch,8.4699,2.2103,0.261,2.8571,1.913,0.6696
953,mismatch,8.8589,4.1042,0.4633,3.2183,2.5849,0.8032
954,mismatch,6.5459,3.123,0.4771,2.9288,3.1521,1.0762
955,match,4.2974,2.5007,0.5819,3.4086,2.4582,0.7212
956,match,3.8424,4.2668,1.1105,2.8851,3.5151,1.2184
957,mismatch,4.5409,3.8784,0.8541,2.7791,3.1888,1.1474
958,match,4.2764,4.5882,1.0729,2.7662,2.3046,0.8331
959,mismatch,8.3812,3.4592,0.4127,3.3931,3.1479,0.9277
960,mismatch,7.8253,7.5446,0.9641,3.0089,3.2212,1.0706
961,match,4.2025,3.8072,0.9059,5.1375,2.3687,0.4611
962,mismatch,9.8135,5.2487,0.5348,3.1281,2.4512,0.7836
963,match,5.3744,4.1483,0.7719,4.0958,3.7677,0.9199
964,match,3.1733,2.4908,0.7849,3.9078,1.9291,0.4937
965,mismatch,8.2114,3.5033,0.4266,2.8071,3.1685,1.1288
966,match,6.3236,3.938,0.6227,2.6231,5.1289,1.9553
967,mismatch,7.3511,4.1711,0.5674,2.9127,2.2909,0.7865
968,mismatch,8.4341,5.1502,0.6106,2.9243,3.8455,1.315
969,mismatch,6.4745,3.857,0.5957,3.0609,3.7454,1.2236
970,match,5.5796,5.5238,0.99,2.8615,8.212,2.8698
971,mismatch,5.5366,3.2877,0.5938,3.5003,2.4794,0.7083
972,match,3.6481,2.9736,0.8151,3.879,5.6601,1.4592
973,match,3.8508,3.409,0.8853,3.4792,3.7233,1.0702
974,mismatch,7.7841,4.5448,0.5839,2.9782,2.544,0.8542
975,mismatch,7.5807,4.4989,0.5935,2.892,2.6141,0.9039
976,match,4.8211,3.9828,0.8261,2.869,4.5491,1.5856
977,mismatch,5.7473,2.9524,0.5137,2.8197,2.0155,0.7148
978,match,4.5127,3.4111,0.7559,2.9164,3.8779,1.3297
979,mismatch,7.14,5.3242,0.7457,2.9707,3.0472,1.0257
980,match,4.5995,4.3125,0.9376,3.2065,4.8393,1.5092
981,mismatch,7.0047,4.1299,0.5896,2.8707,2.2022,0.7671
982,mismatch,7.4582,5.3297,0.7146,2.8706,3.1538,1.0986
983,mismatch,8.8205,4.2005,0.4762,3.1072,2.5945,0.835
984,mismatch,7.7635,5.7448,0.74,2.9253,3.2959,1.1267
985,mismatch,9.7146,5.1873,0.534,3.0801,2.0988,0.6814
986,mismatch,6.0747,4.1239,0.6789,2.9569,2.3781,0.8043
987,mismatch,8.8124,7.2087,0.818,3.1325,3.5652,1.1381
988,mismatch,9.3851,3.5358,0.3767,3.1053,2.8232,0.9091
989,mismatch,10.7609,5.2884,0.4914,3.6199,3.2489,0.8975
990,mismatch,7.7462,3.6291,0.4685,2.7493,3.1994,1.1637
991,mismatch,7.8364,3.3562,0.4283,2.7577,2.8814,1.0449
992,mismatch,9.298,3.9838,0.4285,3.118,3.4657,1.1115
993,match,4.871,5.1367,1.0545,2.9371,2.9542,1.0058
994,mismatch,9.5636,5.2318,0.5471,2.9987,2.483,0.828
995,mismatch,8.6365,3.0942,0.3583,2.7845,1.9263,0.6918
996,match,3.3652,2.4342,0.7233,7.8277,4.0956,0.5232
997,mismatch,8.7517,3.5828,0.4094,2.9641,1.9408,0.6548
998,mismatch,5.9621,4.5022,0.7551,2.8187,3.0712,1.0896
999,mismatch,8.6241,2.8803,0.334,2.9443,2.9213,0.9922
